accelerator_type,backend,case_name,cce_loop_count,cce_profiler_experiment_id,chunk_configuration,chunk_loop_count,compile_time_estimate_method,compile_time_sec,compiler_stack,cuda_device_count,device_count,dstack_gpu_spec,elapsed_sec,execution_mode,experiment_id,first_step_time_sec,framework,fsdp_degree,global_batch_size,hardware_role,hardware_target,hidden_size,hostname,hostname_manifest,local_rank,log_path,measured_step_count,measured_steps,measured_time_sec,median_step_time_sec,mesh_configuration,operation_family,p95_step_time_sec,preset,profiler_path,rank,repeat_index,returncode,run_dir,run_id,runtime_hbm_limit_gb,runtime_hbm_peak_gb,scenario_group,seed,sequence_length,shape,signature_label,status,steady_state_mean_step_time_sec,steps_recorded,timestamp,timestamp_manifest,token_chunk,token_loop_count,tokens_per_sec,torch_compile_backend,torch_compile_mode,torch_cuda_version,torch_version,tp_degree,vocab_chunk,vocab_loop_count,vocab_size,warmup_steps,workload_description,workload_family,workload_runner,world_size,xla_dir,xla_planned_hbm_gib_per_chip,xla_report_path,execution_stack,has_collective,has_matmul,log_step_time,log_chunk_loop_count,log_token_loop_count,log_vocab_loop_count,hbm_gib,relative_to_best_same_group
A100-80GB,gpu,exp0000_gpu-a100-80gb-4_torch_eager_chunked_matmul_loop_b16_L512_fsdp4_tp1_tc64_vc4096_fsdp4_tp1_tc64_vc4096_r0,,-1,64/4096,8192,"max(first_step_time - measured_median, 0)",0.25125633040443063,pytorch_eager,4,4,A100:4:80GB,20.408378596883267,eager,0,1.0573665890842676,pytorch,4,16,primary_gpu_baseline,gpu-a100-80gb-4,320,e06eca290544,e06eca290544,0,/tmp/mesh-pathology-dense-a100-torch/runs/exp0000_gpu-a100-80gb-4_torch_eager_chunked_matmul_loop_b16_L512_fsdp4_tp1_tc64_vc4096_fsdp4_tp1_tc64_vc4096_r0/runner.log,10,10,7.926136719062924,0.806110258679837,"fsdp=4,tp=1",chunked_matmul_loop,0.8298740610480309,dense-synthetic,,0,0,0,/tmp/mesh-pathology-dense-a100-torch/runs/exp0000_gpu-a100-80gb-4_torch_eager_chunked_matmul_loop_b16_L512_fsdp4_tp1_tc64_vc4096_fsdp4_tp1_tc64_vc4096_r0,20260616T025824Z,85.09587456,0.184157696,gpu-a100-80gb-4/torch_eager_chunked_matmul_loop,0,512,b16/L512,b16_L512_fsdp4_tp1_tc64_vc4096,success,0.7926136719062924,13,2026-06-16T02:58:43+00:00,2026-06-16T02:58:24+00:00,64,128,10335.426059832726,,,12.4,2.6.0+cu124,1,4096,64,262144,3,PyTorch eager chunk-loop projection matmul without XLA.,torch_eager_chunked_matmul_loop,torch_microbench,4,/tmp/mesh-pathology-dense-a100-torch/runs/exp0000_gpu-a100-80gb-4_torch_eager_chunked_matmul_loop_b16_L512_fsdp4_tp1_tc64_vc4096_fsdp4_tp1_tc64_vc4096_r0/xla,,,PyTorch eager,False,True,-0.23241934893438507,9.010913347279288,4.852030263919617,4.1588830833596715,0.184157696,23.22079283218921
A100-80GB,gpu,exp0008_gpu-a100-80gb-4_torch_eager_chunked_matmul_loop_b16_L512_fsdp4_tp1_tc128_vc8192_fsdp4_tp1_tc128_vc8192_r0,,-1,128/8192,2048,"max(first_step_time - measured_median, 0)",0.285399914951995,pytorch_eager,4,4,A100:4:80GB,12.643225606996566,eager,8,0.488599618896842,pytorch,4,16,primary_gpu_baseline,gpu-a100-80gb-4,320,e06eca290544,e06eca290544,0,/tmp/mesh-pathology-dense-a100-torch/runs/exp0008_gpu-a100-80gb-4_torch_eager_chunked_matmul_loop_b16_L512_fsdp4_tp1_tc128_vc8192_fsdp4_tp1_tc128_vc8192_r0/runner.log,10,10,2.0440992675721645,0.203199703944847,"fsdp=4,tp=1",chunked_matmul_loop,0.22170502599328756,dense-synthetic,,0,0,0,/tmp/mesh-pathology-dense-a100-torch/runs/exp0008_gpu-a100-80gb-4_torch_eager_chunked_matmul_loop_b16_L512_fsdp4_tp1_tc128_vc8192_fsdp4_tp1_tc128_vc8192_r0,20260616T025824Z,85.09587456,0.19293952,gpu-a100-80gb-4/torch_eager_chunked_matmul_loop,0,512,b16/L512,b16_L512_fsdp4_tp1_tc128_vc8192,success,0.20440992675721645,13,2026-06-16T02:58:55+00:00,2026-06-16T02:58:24+00:00,128,64,40076.33156549131,,,12.4,2.6.0+cu124,1,8192,32,262144,3,PyTorch eager chunk-loop projection matmul without XLA.,torch_eager_chunked_matmul_loop,torch_microbench,4,/tmp/mesh-pathology-dense-a100-torch/runs/exp0008_gpu-a100-80gb-4_torch_eager_chunked_matmul_loop_b16_L512_fsdp4_tp1_tc128_vc8192_fsdp4_tp1_tc128_vc8192_r0/xla,,,PyTorch eager,False,True,-1.587627856483429,7.6246189861593985,4.1588830833596715,3.4657359027997265,0.19293952,5.98849191013382
A100-80GB,gpu,exp0016_gpu-a100-80gb-4_torch_eager_chunked_matmul_loop_b16_L512_fsdp4_tp1_tc256_vc16384_fsdp4_tp1_tc256_vc16384_r0,,-1,256/16384,512,"max(first_step_time - measured_median, 0)",0.3098755129612982,pytorch_eager,4,4,A100:4:80GB,10.39101412286982,eager,16,0.3638036400079727,pytorch,4,16,primary_gpu_baseline,gpu-a100-80gb-4,320,e06eca290544,e06eca290544,0,/tmp/mesh-pathology-dense-a100-torch/runs/exp0016_gpu-a100-80gb-4_torch_eager_chunked_matmul_loop_b16_L512_fsdp4_tp1_tc256_vc16384_fsdp4_tp1_tc256_vc16384_r0/runner.log,10,10,0.5248164404183626,0.05392812704667449,"fsdp=4,tp=1",chunked_matmul_loop,0.055199375841766596,dense-synthetic,,0,0,0,/tmp/mesh-pathology-dense-a100-torch/runs/exp0016_gpu-a100-80gb-4_torch_eager_chunked_matmul_loop_b16_L512_fsdp4_tp1_tc256_vc16384_fsdp4_tp1_tc256_vc16384_r0,20260616T025824Z,85.09587456,0.223479296,gpu-a100-80gb-4/torch_eager_chunked_matmul_loop,0,512,b16/L512,b16_L512_fsdp4_tp1_tc256_vc16384,success,0.052481644041836265,13,2026-06-16T02:59:06+00:00,2026-06-16T02:58:24+00:00,256,32,156092.67105789724,,,12.4,2.6.0+cu124,1,16384,16,262144,3,PyTorch eager chunk-loop projection matmul without XLA.,torch_eager_chunked_matmul_loop,torch_microbench,4,/tmp/mesh-pathology-dense-a100-torch/runs/exp0016_gpu-a100-80gb-4_torch_eager_chunked_matmul_loop_b16_L512_fsdp4_tp1_tc256_vc16384_fsdp4_tp1_tc256_vc16384_r0/xla,,,PyTorch eager,False,True,-2.947291807820287,6.238324625039508,3.4657359027997265,2.772588722239781,0.223479296,1.5375275837183078
A100-80GB,gpu,exp0024_gpu-a100-80gb-4_torch_eager_chunked_matmul_loop_b16_L512_fsdp4_tp1_tc512_vc32768_fsdp4_tp1_tc512_vc32768_r0,,-1,512/32768,128,"max(first_step_time - measured_median, 0)",0.30059313331730664,pytorch_eager,4,4,A100:4:80GB,10.587417167145759,eager,24,0.3389892331324518,pytorch,4,16,primary_gpu_baseline,gpu-a100-80gb-4,320,e06eca290544,e06eca290544,0,/tmp/mesh-pathology-dense-a100-torch/runs/exp0024_gpu-a100-80gb-4_torch_eager_chunked_matmul_loop_b16_L512_fsdp4_tp1_tc512_vc32768_fsdp4_tp1_tc512_vc32768_r0/runner.log,10,10,0.3929182174615562,0.038396099815145135,"fsdp=4,tp=1",chunked_matmul_loop,0.04184512188658118,dense-synthetic,,0,0,0,/tmp/mesh-pathology-dense-a100-torch/runs/exp0024_gpu-a100-80gb-4_torch_eager_chunked_matmul_loop_b16_L512_fsdp4_tp1_tc512_vc32768_fsdp4_tp1_tc512_vc32768_r0,20260616T025824Z,85.09587456,0.349308416,gpu-a100-80gb-4/torch_eager_chunked_matmul_loop,0,512,b16/L512,b16_L512_fsdp4_tp1_tc512_vc32768,success,0.03929182174615562,13,2026-06-16T02:59:16+00:00,2026-06-16T02:58:24+00:00,512,16,208491.223769779,,,12.4,2.6.0+cu124,1,32768,8,262144,3,PyTorch eager chunk-loop projection matmul without XLA.,torch_eager_chunked_matmul_loop,torch_microbench,4,/tmp/mesh-pathology-dense-a100-torch/runs/exp0024_gpu-a100-80gb-4_torch_eager_chunked_matmul_loop_b16_L512_fsdp4_tp1_tc512_vc32768_fsdp4_tp1_tc512_vc32768_r0/xla,,,PyTorch eager,False,True,-3.2367388798245256,4.852030263919617,2.772588722239781,2.0794415416798357,0.349308416,1.1511121812628216
A100-80GB,gpu,exp0032_gpu-a100-80gb-4_torch_eager_chunked_matmul_loop_b16_L512_fsdp4_tp1_tc1024_vc65536_fsdp4_tp1_tc1024_vc65536_r0,,-1,1024/65536,32,"max(first_step_time - measured_median, 0)",0.23224589019082487,pytorch_eager,4,4,A100:4:80GB,10.535092766862363,eager,32,0.2660867068916559,pytorch,4,16,primary_gpu_baseline,gpu-a100-80gb-4,320,e06eca290544,e06eca290544,0,/tmp/mesh-pathology-dense-a100-torch/runs/exp0032_gpu-a100-80gb-4_torch_eager_chunked_matmul_loop_b16_L512_fsdp4_tp1_tc1024_vc65536_fsdp4_tp1_tc1024_vc65536_r0/runner.log,10,10,0.34133790247142315,0.033840816700831056,"fsdp=4,tp=1",chunked_matmul_loop,0.036661528050899506,dense-synthetic,,0,0,0,/tmp/mesh-pathology-dense-a100-torch/runs/exp0032_gpu-a100-80gb-4_torch_eager_chunked_matmul_loop_b16_L512_fsdp4_tp1_tc1024_vc65536_fsdp4_tp1_tc1024_vc65536_r0,20260616T025824Z,85.09587456,0.852624896,gpu-a100-80gb-4/torch_eager_chunked_matmul_loop,0,512,b16/L512,b16_L512_fsdp4_tp1_tc1024_vc65536,success,0.03413379024714232,13,2026-06-16T02:59:27+00:00,2026-06-16T02:58:24+00:00,1024,8,239996.78736778538,,,12.4,2.6.0+cu124,1,65536,4,262144,3,PyTorch eager chunk-loop projection matmul without XLA.,torch_eager_chunked_matmul_loop,torch_microbench,4,/tmp/mesh-pathology-dense-a100-torch/runs/exp0032_gpu-a100-80gb-4_torch_eager_chunked_matmul_loop_b16_L512_fsdp4_tp1_tc1024_vc65536_fsdp4_tp1_tc1024_vc65536_r0/xla,,,PyTorch eager,False,True,-3.3774674689876854,3.4657359027997265,2.0794415416798357,1.3862943611198906,0.852624896,1.0
A100-80GB,gpu,exp0040_gpu-a100-80gb-4_torch_eager_chunked_matmul_loop_b16_L512_fsdp2_tp2_tc64_vc131072_fsdp2_tp2_tc64_vc131072_r0,,-1,64/131072,256,"max(first_step_time - measured_median, 0)",0.31194750824943185,pytorch_eager,4,4,A100:4:80GB,10.686535933986306,eager,40,0.36562347086146474,pytorch,2,16,primary_gpu_baseline,gpu-a100-80gb-4,320,e06eca290544,e06eca290544,0,/tmp/mesh-pathology-dense-a100-torch/runs/exp0040_gpu-a100-80gb-4_torch_eager_chunked_matmul_loop_b16_L512_fsdp2_tp2_tc64_vc131072_fsdp2_tp2_tc64_vc131072_r0/runner.log,10,10,0.5425716671161354,0.05367596261203289,"fsdp=2,tp=2",chunked_matmul_loop,0.05791975138708949,dense-synthetic,,0,0,0,/tmp/mesh-pathology-dense-a100-torch/runs/exp0040_gpu-a100-80gb-4_torch_eager_chunked_matmul_loop_b16_L512_fsdp2_tp2_tc64_vc131072_fsdp2_tp2_tc64_vc131072_r0,20260616T025824Z,85.09587456,0.265422336,gpu-a100-80gb-4/torch_eager_chunked_matmul_loop,0,512,b16/L512,b16_L512_fsdp2_tp2_tc64_vc131072,success,0.054257166711613534,13,2026-06-16T02:59:38+00:00,2026-06-16T02:58:24+00:00,64,128,150984.66242334276,,,12.4,2.6.0+cu124,2,131072,2,262144,3,PyTorch eager chunk-loop projection matmul without XLA.,torch_eager_chunked_matmul_loop,torch_microbench,4,/tmp/mesh-pathology-dense-a100-torch/runs/exp0040_gpu-a100-80gb-4_torch_eager_chunked_matmul_loop_b16_L512_fsdp2_tp2_tc64_vc131072_fsdp2_tp2_tc64_vc131072_r0/xla,,,PyTorch eager,False,True,-2.914020190003504,5.545177444479562,4.852030263919617,0.6931471805599453,0.265422336,1.4226165006998388
A100-80GB,gpu,exp0048_gpu-a100-80gb-4_torch_eager_chunked_matmul_loop_b16_L512_fsdp2_tp2_tc128_vc262144_fsdp2_tp2_tc128_vc262144_r0,,-1,128/262144,64,"max(first_step_time - measured_median, 0)",0.3320350118447095,pytorch_eager,4,4,A100:4:80GB,10.436928606126457,eager,48,0.3696051798760891,pytorch,2,16,primary_gpu_baseline,gpu-a100-80gb-4,320,e06eca290544,e06eca290544,0,/tmp/mesh-pathology-dense-a100-torch/runs/exp0048_gpu-a100-80gb-4_torch_eager_chunked_matmul_loop_b16_L512_fsdp2_tp2_tc128_vc262144_fsdp2_tp2_tc128_vc262144_r0/runner.log,10,10,0.38138997182250023,0.03757016803137958,"fsdp=2,tp=2",chunked_matmul_loop,0.04010051069781184,dense-synthetic,,0,0,0,/tmp/mesh-pathology-dense-a100-torch/runs/exp0048_gpu-a100-80gb-4_torch_eager_chunked_matmul_loop_b16_L512_fsdp2_tp2_tc128_vc262144_fsdp2_tp2_tc128_vc262144_r0,20260616T025824Z,85.09587456,0.517080576,gpu-a100-80gb-4/torch_eager_chunked_matmul_loop,0,512,b16/L512,b16_L512_fsdp2_tp2_tc128_vc262144,success,0.03813899718225002,13,2026-06-16T02:59:48+00:00,2026-06-16T02:58:24+00:00,128,64,214793.2721160423,,,12.4,2.6.0+cu124,2,262144,1,262144,3,PyTorch eager chunk-loop projection matmul without XLA.,torch_eager_chunked_matmul_loop,torch_microbench,4,/tmp/mesh-pathology-dense-a100-torch/runs/exp0048_gpu-a100-80gb-4_torch_eager_chunked_matmul_loop_b16_L512_fsdp2_tp2_tc128_vc262144_fsdp2_tp2_tc128_vc262144_r0/xla,,,PyTorch eager,False,True,-3.2665179722271107,4.1588830833596715,4.1588830833596715,0.0,0.517080576,1.0
A100-80GB,gpu,exp0056_gpu-a100-80gb-4_torch_eager_chunked_matmul_loop_b16_L512_fsdp2_tp2_tc512_vc4096_fsdp2_tp2_tc512_vc4096_r0,,-1,512/4096,1024,"max(first_step_time - measured_median, 0)",0.28018234577029943,pytorch_eager,4,4,A100:4:80GB,11.236627345904708,eager,56,0.37400454888120294,pytorch,2,16,primary_gpu_baseline,gpu-a100-80gb-4,320,e06eca290544,e06eca290544,0,/tmp/mesh-pathology-dense-a100-torch/runs/exp0056_gpu-a100-80gb-4_torch_eager_chunked_matmul_loop_b16_L512_fsdp2_tp2_tc512_vc4096_fsdp2_tp2_tc512_vc4096_r0/runner.log,10,10,0.9382827300578356,0.0938222031109035,"fsdp=2,tp=2",chunked_matmul_loop,0.09678938798606396,dense-synthetic,,0,0,0,/tmp/mesh-pathology-dense-a100-torch/runs/exp0056_gpu-a100-80gb-4_torch_eager_chunked_matmul_loop_b16_L512_fsdp2_tp2_tc512_vc4096_fsdp2_tp2_tc512_vc4096_r0,20260616T025824Z,85.09587456,0.202507776,gpu-a100-80gb-4/torch_eager_chunked_matmul_loop,0,512,b16/L512,b16_L512_fsdp2_tp2_tc512_vc4096,success,0.09382827300578356,13,2026-06-16T02:59:59+00:00,2026-06-16T02:58:24+00:00,512,16,87308.43846497149,,,12.4,2.6.0+cu124,2,4096,64,262144,3,PyTorch eager chunk-loop projection matmul without XLA.,torch_eager_chunked_matmul_loop,torch_microbench,4,/tmp/mesh-pathology-dense-a100-torch/runs/exp0056_gpu-a100-80gb-4_torch_eager_chunked_matmul_loop_b16_L512_fsdp2_tp2_tc512_vc4096_fsdp2_tp2_tc512_vc4096_r0/xla,,,PyTorch eager,False,True,-2.366289050415123,6.931471805599453,2.772588722239781,4.1588830833596715,0.202507776,2.460166232410837
A100-80GB,gpu,exp0064_gpu-a100-80gb-4_torch_eager_chunked_matmul_loop_b16_L512_fsdp2_tp2_tc1024_vc8192_fsdp2_tp2_tc1024_vc8192_r0,,-1,1024/8192,256,"max(first_step_time - measured_median, 0)",0.2723426753655076,pytorch_eager,4,4,A100:4:80GB,11.539454458747059,eager,64,0.3158368794247508,pytorch,2,16,primary_gpu_baseline,gpu-a100-80gb-4,320,e06eca290544,e06eca290544,0,/tmp/mesh-pathology-dense-a100-torch/runs/exp0064_gpu-a100-80gb-4_torch_eager_chunked_matmul_loop_b16_L512_fsdp2_tp2_tc1024_vc8192_fsdp2_tp2_tc1024_vc8192_r0/runner.log,10,10,0.44394236197695136,0.0434942040592432,"fsdp=2,tp=2",chunked_matmul_loop,0.04793228209018707,dense-synthetic,,0,0,0,/tmp/mesh-pathology-dense-a100-torch/runs/exp0064_gpu-a100-80gb-4_torch_eager_chunked_matmul_loop_b16_L512_fsdp2_tp2_tc1024_vc8192_fsdp2_tp2_tc1024_vc8192_r0,20260616T025824Z,85.09587456,0.265422336,gpu-a100-80gb-4/torch_eager_chunked_matmul_loop,0,512,b16/L512,b16_L512_fsdp2_tp2_tc1024_vc8192,success,0.044394236197695135,13,2026-06-16T03:00:11+00:00,2026-06-16T02:58:24+00:00,1024,8,184528.45913419078,,,12.4,2.6.0+cu124,2,8192,32,262144,3,PyTorch eager chunk-loop projection matmul without XLA.,torch_eager_chunked_matmul_loop,torch_microbench,4,/tmp/mesh-pathology-dense-a100-torch/runs/exp0064_gpu-a100-80gb-4_torch_eager_chunked_matmul_loop_b16_L512_fsdp2_tp2_tc1024_vc8192_fsdp2_tp2_tc1024_vc8192_r0/xla,,,PyTorch eager,False,True,-3.1146456333379287,5.545177444479562,2.0794415416798357,3.4657359027997265,0.265422336,1.1640116279291244
A100-80GB,gpu,exp0072_gpu-a100-80gb-4_torch_eager_chunked_matmul_loop_b16_L512_fsdp1_tp4_tc64_vc16384_fsdp1_tp4_tc64_vc16384_r0,,-1,64/16384,2048,"max(first_step_time - measured_median, 0)",0.23931613517925143,pytorch_eager,4,4,A100:4:80GB,12.793526659253985,eager,72,0.44124781526625156,pytorch,1,16,primary_gpu_baseline,gpu-a100-80gb-4,320,e06eca290544,e06eca290544,0,/tmp/mesh-pathology-dense-a100-torch/runs/exp0072_gpu-a100-80gb-4_torch_eager_chunked_matmul_loop_b16_L512_fsdp1_tp4_tc64_vc16384_fsdp1_tp4_tc64_vc16384_r0/runner.log,10,10,1.986693556420505,0.20193168008700013,"fsdp=1,tp=4",chunked_matmul_loop,0.20935905817896128,dense-synthetic,,0,0,0,/tmp/mesh-pathology-dense-a100-torch/runs/exp0072_gpu-a100-80gb-4_torch_eager_chunked_matmul_loop_b16_L512_fsdp1_tp4_tc64_vc16384_fsdp1_tp4_tc64_vc16384_r0,20260616T025824Z,85.09587456,0.19293952,gpu-a100-80gb-4/torch_eager_chunked_matmul_loop,0,512,b16/L512,b16_L512_fsdp1_tp4_tc64_vc16384,success,0.19866935564205052,13,2026-06-16T03:00:23+00:00,2026-06-16T02:58:24+00:00,64,128,41234.34121747398,,,12.4,2.6.0+cu124,4,16384,16,262144,3,PyTorch eager chunk-loop projection matmul without XLA.,torch_eager_chunked_matmul_loop,torch_microbench,4,/tmp/mesh-pathology-dense-a100-torch/runs/exp0072_gpu-a100-80gb-4_torch_eager_chunked_matmul_loop_b16_L512_fsdp1_tp4_tc64_vc16384_fsdp1_tp4_tc64_vc16384_r0/xla,,,PyTorch eager,False,True,-1.6161133655655033,7.6246189861593985,4.852030263919617,2.772588722239781,0.19293952,6.043853684111196
A100-80GB,gpu,exp0080_gpu-a100-80gb-4_torch_eager_chunked_matmul_loop_b16_L512_fsdp1_tp4_tc128_vc32768_fsdp1_tp4_tc128_vc32768_r0,,-1,128/32768,512,"max(first_step_time - measured_median, 0)",0.3295493999030441,pytorch_eager,4,4,A100:4:80GB,10.785858348943293,eager,80,0.3760576881468296,pytorch,1,16,primary_gpu_baseline,gpu-a100-80gb-4,320,e06eca290544,e06eca290544,0,/tmp/mesh-pathology-dense-a100-torch/runs/exp0080_gpu-a100-80gb-4_torch_eager_chunked_matmul_loop_b16_L512_fsdp1_tp4_tc128_vc32768_fsdp1_tp4_tc128_vc32768_r0/runner.log,10,10,0.4795625535771251,0.0465082882437855,"fsdp=1,tp=4",chunked_matmul_loop,0.054133021272718906,dense-synthetic,,0,0,0,/tmp/mesh-pathology-dense-a100-torch/runs/exp0080_gpu-a100-80gb-4_torch_eager_chunked_matmul_loop_b16_L512_fsdp1_tp4_tc128_vc32768_fsdp1_tp4_tc128_vc32768_r0,20260616T025824Z,85.09587456,0.223479296,gpu-a100-80gb-4/torch_eager_chunked_matmul_loop,0,512,b16/L512,b16_L512_fsdp1_tp4_tc128_vc32768,success,0.04795625535771251,13,2026-06-16T03:00:34+00:00,2026-06-16T02:58:24+00:00,128,64,170822.3450495605,,,12.4,2.6.0+cu124,4,32768,8,262144,3,PyTorch eager chunk-loop projection matmul without XLA.,torch_eager_chunked_matmul_loop,torch_microbench,4,/tmp/mesh-pathology-dense-a100-torch/runs/exp0080_gpu-a100-80gb-4_torch_eager_chunked_matmul_loop_b16_L512_fsdp1_tp4_tc128_vc32768_fsdp1_tp4_tc128_vc32768_r0/xla,,,PyTorch eager,False,True,-3.0374660303174656,6.238324625039508,4.1588830833596715,2.0794415416798357,0.223479296,1.4589094009148744
A100-80GB,gpu,exp0088_gpu-a100-80gb-4_torch_eager_chunked_matmul_loop_b16_L512_fsdp1_tp4_tc256_vc65536_fsdp1_tp4_tc256_vc65536_r0,,-1,256/65536,128,"max(first_step_time - measured_median, 0)",0.24198784586042166,pytorch_eager,4,4,A100:4:80GB,10.590445621870458,eager,88,0.280621993355453,pytorch,1,16,primary_gpu_baseline,gpu-a100-80gb-4,320,e06eca290544,e06eca290544,0,/tmp/mesh-pathology-dense-a100-torch/runs/exp0088_gpu-a100-80gb-4_torch_eager_chunked_matmul_loop_b16_L512_fsdp1_tp4_tc256_vc65536_fsdp1_tp4_tc256_vc65536_r0/runner.log,10,10,0.39474742533639073,0.03863414749503136,"fsdp=1,tp=4",chunked_matmul_loop,0.04226012993603945,dense-synthetic,,0,0,0,/tmp/mesh-pathology-dense-a100-torch/runs/exp0088_gpu-a100-80gb-4_torch_eager_chunked_matmul_loop_b16_L512_fsdp1_tp4_tc256_vc65536_fsdp1_tp4_tc256_vc65536_r0,20260616T025824Z,85.09587456,0.349308416,gpu-a100-80gb-4/torch_eager_chunked_matmul_loop,0,512,b16/L512,b16_L512_fsdp1_tp4_tc256_vc65536,success,0.03947474253363907,13,2026-06-16T03:00:45+00:00,2026-06-16T02:58:24+00:00,256,32,207525.10274181137,,,12.4,2.6.0+cu124,4,65536,4,262144,3,PyTorch eager chunk-loop projection matmul without XLA.,torch_eager_chunked_matmul_loop,torch_microbench,4,/tmp/mesh-pathology-dense-a100-torch/runs/exp0088_gpu-a100-80gb-4_torch_eager_chunked_matmul_loop_b16_L512_fsdp1_tp4_tc256_vc65536_fsdp1_tp4_tc256_vc65536_r0/xla,,,PyTorch eager,False,True,-3.232094241125436,4.852030263919617,3.4657359027997265,1.3862943611198906,0.349308416,1.200887612084133
A100-80GB,gpu,exp0096_gpu-a100-80gb-4_torch_eager_chunked_matmul_loop_b16_L512_fsdp1_tp4_tc512_vc131072_fsdp1_tp4_tc512_vc131072_r0,,-1,512/131072,32,"max(first_step_time - measured_median, 0)",0.252931697294116,pytorch_eager,4,4,A100:4:80GB,10.736246135085821,eager,96,0.28775111865252256,pytorch,1,16,primary_gpu_baseline,gpu-a100-80gb-4,320,e06eca290544,e06eca290544,0,/tmp/mesh-pathology-dense-a100-torch/runs/exp0096_gpu-a100-80gb-4_torch_eager_chunked_matmul_loop_b16_L512_fsdp1_tp4_tc512_vc131072_fsdp1_tp4_tc512_vc131072_r0/runner.log,10,10,0.35210494976490736,0.034819421358406544,"fsdp=1,tp=4",chunked_matmul_loop,0.03676895797252655,dense-synthetic,,0,0,0,/tmp/mesh-pathology-dense-a100-torch/runs/exp0096_gpu-a100-80gb-4_torch_eager_chunked_matmul_loop_b16_L512_fsdp1_tp4_tc512_vc131072_fsdp1_tp4_tc512_vc131072_r0,20260616T025824Z,85.09587456,0.852624896,gpu-a100-80gb-4/torch_eager_chunked_matmul_loop,0,512,b16/L512,b16_L512_fsdp1_tp4_tc512_vc131072,success,0.03521049497649074,13,2026-06-16T03:00:55+00:00,2026-06-16T02:58:24+00:00,512,16,232657.90513509157,,,12.4,2.6.0+cu124,4,131072,2,262144,3,PyTorch eager chunk-loop projection matmul without XLA.,torch_eager_chunked_matmul_loop,torch_microbench,4,/tmp/mesh-pathology-dense-a100-torch/runs/exp0096_gpu-a100-80gb-4_torch_eager_chunked_matmul_loop_b16_L512_fsdp1_tp4_tc512_vc131072_fsdp1_tp4_tc512_vc131072_r0/xla,,,PyTorch eager,False,True,-3.346411088075567,3.4657359027997265,2.772588722239781,0.6931471805599453,0.852624896,1.0711620777915252
A100-80GB,gpu,exp0104_gpu-a100-80gb-4_torch_eager_chunked_matmul_loop_b16_L512_fsdp1_tp4_tc1024_vc262144_fsdp1_tp4_tc1024_vc262144_r0,,-1,1024/262144,8,"max(first_step_time - measured_median, 0)",0.2362358495593071,pytorch_eager,4,4,A100:4:80GB,10.738025697879493,eager,104,0.26833861507475376,pytorch,1,16,primary_gpu_baseline,gpu-a100-80gb-4,320,e06eca290544,e06eca290544,0,/tmp/mesh-pathology-dense-a100-torch/runs/exp0104_gpu-a100-80gb-4_torch_eager_chunked_matmul_loop_b16_L512_fsdp1_tp4_tc1024_vc262144_fsdp1_tp4_tc1024_vc262144_r0/runner.log,10,10,0.32871304638683796,0.03210276551544666,"fsdp=1,tp=4",chunked_matmul_loop,0.03474104683846235,dense-synthetic,,0,0,0,/tmp/mesh-pathology-dense-a100-torch/runs/exp0104_gpu-a100-80gb-4_torch_eager_chunked_matmul_loop_b16_L512_fsdp1_tp4_tc1024_vc262144_fsdp1_tp4_tc1024_vc262144_r0,20260616T025824Z,85.09587456,2.865890816,gpu-a100-80gb-4/torch_eager_chunked_matmul_loop,0,512,b16/L512,b16_L512_fsdp1_tp4_tc1024_vc262144,success,0.0328713046386838,13,2026-06-16T03:01:06+00:00,2026-06-16T02:58:24+00:00,1024,8,249214.32507912826,,,12.4,2.6.0+cu124,4,262144,1,262144,3,PyTorch eager chunk-loop projection matmul without XLA.,torch_eager_chunked_matmul_loop,torch_microbench,4,/tmp/mesh-pathology-dense-a100-torch/runs/exp0104_gpu-a100-80gb-4_torch_eager_chunked_matmul_loop_b16_L512_fsdp1_tp4_tc1024_vc262144_fsdp1_tp4_tc1024_vc262144_r0/xla,,,PyTorch eager,False,True,-3.415155201230154,2.0794415416798357,2.0794415416798357,0.0,2.865890816,1.0
A100-80GB,gpu,exp0112_gpu-a100-80gb-4_torch_eager_collective_loop_b16_L512_fsdp4_tp1_tc128_vc4096_fsdp4_tp1_tc128_vc4096_r0,,-1,128/4096,4096,"max(first_step_time - measured_median, 0)",0.0332236741669476,pytorch_eager,4,4,A100:4:80GB,11.83770407596603,eager,112,0.21328402822837234,pytorch,4,16,primary_gpu_baseline,gpu-a100-80gb-4,320,e06eca290544,e06eca290544,0,/tmp/mesh-pathology-dense-a100-torch/runs/exp0112_gpu-a100-80gb-4_torch_eager_collective_loop_b16_L512_fsdp4_tp1_tc128_vc4096_fsdp4_tp1_tc128_vc4096_r0/runner.log,10,10,1.805462684482336,0.18006035406142473,"fsdp=4,tp=1",collective_loop,0.1906360723078251,dense-synthetic,,0,0,0,/tmp/mesh-pathology-dense-a100-torch/runs/exp0112_gpu-a100-80gb-4_torch_eager_collective_loop_b16_L512_fsdp4_tp1_tc128_vc4096_fsdp4_tp1_tc128_vc4096_r0,20260616T025824Z,85.09587456,0.0031488,gpu-a100-80gb-4/torch_eager_collective_loop,0,512,b16/L512,b16_L512_fsdp4_tp1_tc128_vc4096,success,0.1805462684482336,13,2026-06-16T03:01:19+00:00,2026-06-16T02:58:24+00:00,128,64,45373.410762841755,,,12.4,2.6.0+cu124,1,4096,64,262144,3,PyTorch eager repeated NCCL all-reduce over chunk-sized tensors.,torch_eager_collective_loop,torch_microbench,4,/tmp/mesh-pathology-dense-a100-torch/runs/exp0112_gpu-a100-80gb-4_torch_eager_collective_loop_b16_L512_fsdp4_tp1_tc128_vc4096_fsdp4_tp1_tc128_vc4096_r0/xla,,,PyTorch eager,True,False,-1.711768199164116,8.317766166719343,4.1588830833596715,4.1588830833596715,0.0031488,9.647158344112876
A100-80GB,gpu,exp0120_gpu-a100-80gb-4_torch_eager_collective_loop_b16_L512_fsdp4_tp1_tc256_vc8192_fsdp4_tp1_tc256_vc8192_r0,,-1,256/8192,1024,"max(first_step_time - measured_median, 0)",0.04008934530429542,pytorch_eager,4,4,A100:4:80GB,10.231933545321226,eager,120,0.09155106404796243,pytorch,4,16,primary_gpu_baseline,gpu-a100-80gb-4,320,e06eca290544,e06eca290544,0,/tmp/mesh-pathology-dense-a100-torch/runs/exp0120_gpu-a100-80gb-4_torch_eager_collective_loop_b16_L512_fsdp4_tp1_tc256_vc8192_fsdp4_tp1_tc256_vc8192_r0/runner.log,10,10,0.5149955973029137,0.051461718743667006,"fsdp=4,tp=1",collective_loop,0.053756382782012224,dense-synthetic,,0,0,0,/tmp/mesh-pathology-dense-a100-torch/runs/exp0120_gpu-a100-80gb-4_torch_eager_collective_loop_b16_L512_fsdp4_tp1_tc256_vc8192_fsdp4_tp1_tc256_vc8192_r0,20260616T025824Z,85.09587456,0.012586496,gpu-a100-80gb-4/torch_eager_collective_loop,0,512,b16/L512,b16_L512_fsdp4_tp1_tc256_vc8192,success,0.05149955973029137,13,2026-06-16T03:01:29+00:00,2026-06-16T02:58:24+00:00,256,32,159069.3210369636,,,12.4,2.6.0+cu124,1,8192,32,262144,3,PyTorch eager repeated NCCL all-reduce over chunk-sized tensors.,torch_eager_collective_loop,torch_microbench,4,/tmp/mesh-pathology-dense-a100-torch/runs/exp0120_gpu-a100-80gb-4_torch_eager_collective_loop_b16_L512_fsdp4_tp1_tc256_vc8192_fsdp4_tp1_tc256_vc8192_r0/xla,,,PyTorch eager,True,False,-2.96618202027537,6.931471805599453,3.4657359027997265,3.4657359027997265,0.012586496,2.751784413160939
A100-80GB,gpu,exp0128_gpu-a100-80gb-4_torch_eager_collective_loop_b16_L512_fsdp4_tp1_tc512_vc16384_fsdp4_tp1_tc512_vc16384_r0,,-1,512/16384,256,"max(first_step_time - measured_median, 0)",0.048104610526934266,pytorch_eager,4,4,A100:4:80GB,9.786479022819549,eager,128,0.07063337787985802,pytorch,4,16,primary_gpu_baseline,gpu-a100-80gb-4,320,e06eca290544,e06eca290544,0,/tmp/mesh-pathology-dense-a100-torch/runs/exp0128_gpu-a100-80gb-4_torch_eager_collective_loop_b16_L512_fsdp4_tp1_tc512_vc16384_fsdp4_tp1_tc512_vc16384_r0/runner.log,10,10,0.2264285944402218,0.02252876735292375,"fsdp=4,tp=1",collective_loop,0.024193290155380964,dense-synthetic,,0,0,0,/tmp/mesh-pathology-dense-a100-torch/runs/exp0128_gpu-a100-80gb-4_torch_eager_collective_loop_b16_L512_fsdp4_tp1_tc512_vc16384_fsdp4_tp1_tc512_vc16384_r0,20260616T025824Z,85.09587456,0.050336256,gpu-a100-80gb-4/torch_eager_collective_loop,0,512,b16/L512,b16_L512_fsdp4_tp1_tc512_vc16384,success,0.022642859444022178,13,2026-06-16T03:01:38+00:00,2026-06-16T02:58:24+00:00,512,16,361791.76133881474,,,12.4,2.6.0+cu124,1,16384,16,262144,3,PyTorch eager repeated NCCL all-reduce over chunk-sized tensors.,torch_eager_collective_loop,torch_microbench,4,/tmp/mesh-pathology-dense-a100-torch/runs/exp0128_gpu-a100-80gb-4_torch_eager_collective_loop_b16_L512_fsdp4_tp1_tc512_vc16384_fsdp4_tp1_tc512_vc16384_r0/xla,,,PyTorch eager,True,False,-3.7879107330913806,5.545177444479562,2.772588722239781,2.772588722239781,0.050336256,1.2098796186563374
A100-80GB,gpu,exp0136_gpu-a100-80gb-4_torch_eager_collective_loop_b16_L512_fsdp4_tp1_tc1024_vc32768_fsdp4_tp1_tc1024_vc32768_r0,,-1,1024/32768,64,"max(first_step_time - measured_median, 0)",0.05034182546660304,pytorch_eager,4,4,A100:4:80GB,10.038631907198578,eager,136,0.06954236514866352,pytorch,4,16,primary_gpu_baseline,gpu-a100-80gb-4,320,e06eca290544,e06eca290544,0,/tmp/mesh-pathology-dense-a100-torch/runs/exp0136_gpu-a100-80gb-4_torch_eager_collective_loop_b16_L512_fsdp4_tp1_tc1024_vc32768_fsdp4_tp1_tc1024_vc32768_r0/runner.log,10,10,0.18714968906715512,0.01920053968206048,"fsdp=4,tp=1",collective_loop,0.01930257398635149,dense-synthetic,,0,0,0,/tmp/mesh-pathology-dense-a100-torch/runs/exp0136_gpu-a100-80gb-4_torch_eager_collective_loop_b16_L512_fsdp4_tp1_tc1024_vc32768_fsdp4_tp1_tc1024_vc32768_r0,20260616T025824Z,85.09587456,0.2013312,gpu-a100-80gb-4/torch_eager_collective_loop,0,512,b16/L512,b16_L512_fsdp4_tp1_tc1024_vc32768,success,0.018714968906715514,13,2026-06-16T03:01:48+00:00,2026-06-16T02:58:24+00:00,1024,8,437724.4782416099,,,12.4,2.6.0+cu124,1,32768,8,262144,3,PyTorch eager repeated NCCL all-reduce over chunk-sized tensors.,torch_eager_collective_loop,torch_microbench,4,/tmp/mesh-pathology-dense-a100-torch/runs/exp0136_gpu-a100-80gb-4_torch_eager_collective_loop_b16_L512_fsdp4_tp1_tc1024_vc32768_fsdp4_tp1_tc1024_vc32768_r0/xla,,,PyTorch eager,True,False,-3.978431599036929,4.1588830833596715,2.0794415416798357,2.0794415416798357,0.2013312,1.0
A100-80GB,gpu,exp0144_gpu-a100-80gb-4_torch_eager_collective_loop_b16_L512_fsdp2_tp2_tc64_vc65536_fsdp2_tp2_tc64_vc65536_r0,,-1,64/65536,512,"max(first_step_time - measured_median, 0)",0.7855731723830104,pytorch_eager,4,4,A100:4:80GB,12.39430931583047,eager,144,0.8727363483048975,pytorch,2,16,primary_gpu_baseline,gpu-a100-80gb-4,320,e06eca290544,e06eca290544,0,/tmp/mesh-pathology-dense-a100-torch/runs/exp0144_gpu-a100-80gb-4_torch_eager_collective_loop_b16_L512_fsdp2_tp2_tc64_vc65536_fsdp2_tp2_tc64_vc65536_r0/runner.log,10,10,0.88503493135795,0.08716317592188716,"fsdp=2,tp=2",collective_loop,0.09695802815258503,dense-synthetic,,0,0,0,/tmp/mesh-pathology-dense-a100-torch/runs/exp0144_gpu-a100-80gb-4_torch_eager_collective_loop_b16_L512_fsdp2_tp2_tc64_vc65536_fsdp2_tp2_tc64_vc65536_r0,20260616T025824Z,85.09587456,0.03355904,gpu-a100-80gb-4/torch_eager_collective_loop,0,512,b16/L512,b16_L512_fsdp2_tp2_tc64_vc65536,success,0.088503493135795,13,2026-06-16T03:02:00+00:00,2026-06-16T02:58:24+00:00,64,128,92561.3183135115,,,12.4,2.6.0+cu124,2,65536,4,262144,3,PyTorch eager repeated NCCL all-reduce over chunk-sized tensors.,torch_eager_collective_loop,torch_microbench,4,/tmp/mesh-pathology-dense-a100-torch/runs/exp0144_gpu-a100-80gb-4_torch_eager_collective_loop_b16_L512_fsdp2_tp2_tc64_vc65536_fsdp2_tp2_tc64_vc65536_r0/xla,,,PyTorch eager,True,False,-2.424713257286231,6.238324625039508,4.852030263919617,1.3862943611198906,0.03355904,1.8823494854430056
A100-80GB,gpu,exp0152_gpu-a100-80gb-4_torch_eager_collective_loop_b16_L512_fsdp2_tp2_tc128_vc131072_fsdp2_tp2_tc128_vc131072_r0,,-1,128/131072,128,"max(first_step_time - measured_median, 0)",0.8437908217310905,pytorch_eager,4,4,A100:4:80GB,11.94259488210082,eager,152,0.8983589201234281,pytorch,2,16,primary_gpu_baseline,gpu-a100-80gb-4,320,e06eca290544,e06eca290544,0,/tmp/mesh-pathology-dense-a100-torch/runs/exp0152_gpu-a100-80gb-4_torch_eager_collective_loop_b16_L512_fsdp2_tp2_tc128_vc131072_fsdp2_tp2_tc128_vc131072_r0/runner.log,10,10,0.5533372960053384,0.05456809839233756,"fsdp=2,tp=2",collective_loop,0.06001428235322237,dense-synthetic,,0,0,0,/tmp/mesh-pathology-dense-a100-torch/runs/exp0152_gpu-a100-80gb-4_torch_eager_collective_loop_b16_L512_fsdp2_tp2_tc128_vc131072_fsdp2_tp2_tc128_vc131072_r0,20260616T025824Z,85.09587456,0.134222336,gpu-a100-80gb-4/torch_eager_collective_loop,0,512,b16/L512,b16_L512_fsdp2_tp2_tc128_vc131072,success,0.05533372960053384,13,2026-06-16T03:02:12+00:00,2026-06-16T02:58:24+00:00,128,64,148047.132538143,,,12.4,2.6.0+cu124,2,131072,2,262144,3,PyTorch eager repeated NCCL all-reduce over chunk-sized tensors.,torch_eager_collective_loop,torch_microbench,4,/tmp/mesh-pathology-dense-a100-torch/runs/exp0152_gpu-a100-80gb-4_torch_eager_collective_loop_b16_L512_fsdp2_tp2_tc128_vc131072_fsdp2_tp2_tc128_vc131072_r0/xla,,,PyTorch eager,True,False,-2.8943726178639158,4.852030263919617,4.1588830833596715,0.6931471805599453,0.134222336,1.1768735193467872
A100-80GB,gpu,exp0160_gpu-a100-80gb-4_torch_eager_collective_loop_b16_L512_fsdp2_tp2_tc256_vc262144_fsdp2_tp2_tc256_vc262144_r0,,-1,256/262144,32,"max(first_step_time - measured_median, 0)",0.8085894102696329,pytorch_eager,4,4,A100:4:80GB,11.79347339598462,eager,160,0.8550399946980178,pytorch,2,16,primary_gpu_baseline,gpu-a100-80gb-4,320,e06eca290544,e06eca290544,0,/tmp/mesh-pathology-dense-a100-torch/runs/exp0160_gpu-a100-80gb-4_torch_eager_collective_loop_b16_L512_fsdp2_tp2_tc256_vc262144_fsdp2_tp2_tc256_vc262144_r0/runner.log,10,10,0.4701756704598665,0.0464505844283849,"fsdp=2,tp=2",collective_loop,0.049982431810349226,dense-synthetic,,0,0,0,/tmp/mesh-pathology-dense-a100-torch/runs/exp0160_gpu-a100-80gb-4_torch_eager_collective_loop_b16_L512_fsdp2_tp2_tc256_vc262144_fsdp2_tp2_tc256_vc262144_r0,20260616T025824Z,85.09587456,0.53687552,gpu-a100-80gb-4/torch_eager_collective_loop,0,512,b16/L512,b16_L512_fsdp2_tp2_tc256_vc262144,success,0.047017567045986655,13,2026-06-16T03:02:24+00:00,2026-06-16T02:58:24+00:00,256,32,174232.74989936463,,,12.4,2.6.0+cu124,2,262144,1,262144,3,PyTorch eager repeated NCCL all-reduce over chunk-sized tensors.,torch_eager_collective_loop,torch_microbench,4,/tmp/mesh-pathology-dense-a100-torch/runs/exp0160_gpu-a100-80gb-4_torch_eager_collective_loop_b16_L512_fsdp2_tp2_tc256_vc262144_fsdp2_tp2_tc256_vc262144_r0/xla,,,PyTorch eager,True,False,-3.057233980169653,3.4657359027997265,3.4657359027997265,0.0,0.53687552,1.0
A100-80GB,gpu,exp0168_gpu-a100-80gb-4_torch_eager_collective_loop_b16_L512_fsdp2_tp2_tc1024_vc4096_fsdp2_tp2_tc1024_vc4096_r0,,-1,1024/4096,512,"max(first_step_time - measured_median, 0)",0.7941416190005839,pytorch_eager,4,4,A100:4:80GB,12.294206004124135,eager,168,0.8836935730651021,pytorch,2,16,primary_gpu_baseline,gpu-a100-80gb-4,320,e06eca290544,e06eca290544,0,/tmp/mesh-pathology-dense-a100-torch/runs/exp0168_gpu-a100-80gb-4_torch_eager_collective_loop_b16_L512_fsdp2_tp2_tc1024_vc4096_fsdp2_tp2_tc1024_vc4096_r0/runner.log,10,10,0.8986695460043848,0.08955195406451821,"fsdp=2,tp=2",collective_loop,0.09521274641156197,dense-synthetic,,0,0,0,/tmp/mesh-pathology-dense-a100-torch/runs/exp0168_gpu-a100-80gb-4_torch_eager_collective_loop_b16_L512_fsdp2_tp2_tc1024_vc4096_fsdp2_tp2_tc1024_vc4096_r0,20260616T025824Z,85.09587456,0.03355904,gpu-a100-80gb-4/torch_eager_collective_loop,0,512,b16/L512,b16_L512_fsdp2_tp2_tc1024_vc4096,success,0.08986695460043848,13,2026-06-16T03:02:36+00:00,2026-06-16T02:58:24+00:00,1024,8,91156.97796173044,,,12.4,2.6.0+cu124,2,4096,64,262144,3,PyTorch eager repeated NCCL all-reduce over chunk-sized tensors.,torch_eager_collective_loop,torch_microbench,4,/tmp/mesh-pathology-dense-a100-torch/runs/exp0168_gpu-a100-80gb-4_torch_eager_collective_loop_b16_L512_fsdp2_tp2_tc1024_vc4096_fsdp2_tp2_tc1024_vc4096_r0/xla,,,PyTorch eager,True,False,-2.4094249846064137,6.238324625039508,2.0794415416798357,4.1588830833596715,0.03355904,1.91134846497995
A100-80GB,gpu,exp0176_gpu-a100-80gb-4_torch_eager_collective_loop_b16_L512_fsdp1_tp4_tc64_vc8192_fsdp1_tp4_tc64_vc8192_r0,,-1,64/8192,4096,"max(first_step_time - measured_median, 0)",1.3872225610539317,pytorch_eager,4,4,A100:4:80GB,20.76597829721868,eager,176,2.056356386747211,pytorch,1,16,primary_gpu_baseline,gpu-a100-80gb-4,320,e06eca290544,e06eca290544,0,/tmp/mesh-pathology-dense-a100-torch/runs/exp0176_gpu-a100-80gb-4_torch_eager_collective_loop_b16_L512_fsdp1_tp4_tc64_vc8192_fsdp1_tp4_tc64_vc8192_r0/runner.log,10,10,6.720477906987071,0.6691338256932795,"fsdp=1,tp=4",collective_loop,0.7177981678396463,dense-synthetic,,0,0,0,/tmp/mesh-pathology-dense-a100-torch/runs/exp0176_gpu-a100-80gb-4_torch_eager_collective_loop_b16_L512_fsdp1_tp4_tc64_vc8192_fsdp1_tp4_tc64_vc8192_r0,20260616T025824Z,85.09587456,0.004197376,gpu-a100-80gb-4/torch_eager_collective_loop,0,512,b16/L512,b16_L512_fsdp1_tp4_tc64_vc8192,success,0.6720477906987071,13,2026-06-16T03:02:57+00:00,2026-06-16T02:58:24+00:00,64,128,12189.60930067642,,,12.4,2.6.0+cu124,4,8192,32,262144,3,PyTorch eager repeated NCCL all-reduce over chunk-sized tensors.,torch_eager_collective_loop,torch_microbench,4,/tmp/mesh-pathology-dense-a100-torch/runs/exp0176_gpu-a100-80gb-4_torch_eager_collective_loop_b16_L512_fsdp1_tp4_tc64_vc8192_fsdp1_tp4_tc64_vc8192_r0/xla,,,PyTorch eager,True,False,-0.39742582387651804,8.317766166719343,4.852030263919617,3.4657359027997265,0.004197376,12.759578983475848
A100-80GB,gpu,exp0184_gpu-a100-80gb-4_torch_eager_collective_loop_b16_L512_fsdp1_tp4_tc128_vc16384_fsdp1_tp4_tc128_vc16384_r0,,-1,128/16384,1024,"max(first_step_time - measured_median, 0)",1.2286573250312358,pytorch_eager,4,4,A100:4:80GB,14.148683924693614,eager,184,1.3991186376661062,pytorch,1,16,primary_gpu_baseline,gpu-a100-80gb-4,320,e06eca290544,e06eca290544,0,/tmp/mesh-pathology-dense-a100-torch/runs/exp0184_gpu-a100-80gb-4_torch_eager_collective_loop_b16_L512_fsdp1_tp4_tc128_vc16384_fsdp1_tp4_tc128_vc16384_r0/runner.log,10,10,1.7269234349951148,0.1704613126348704,"fsdp=1,tp=4",collective_loop,0.19756096694618464,dense-synthetic,,0,0,0,/tmp/mesh-pathology-dense-a100-torch/runs/exp0184_gpu-a100-80gb-4_torch_eager_collective_loop_b16_L512_fsdp1_tp4_tc128_vc16384_fsdp1_tp4_tc128_vc16384_r0,20260616T025824Z,85.09587456,0.0167808,gpu-a100-80gb-4/torch_eager_collective_loop,0,512,b16/L512,b16_L512_fsdp1_tp4_tc128_vc16384,success,0.17269234349951149,13,2026-06-16T03:03:11+00:00,2026-06-16T02:58:24+00:00,128,64,47436.961210866735,,,12.4,2.6.0+cu124,4,16384,16,262144,3,PyTorch eager repeated NCCL all-reduce over chunk-sized tensors.,torch_eager_collective_loop,torch_microbench,4,/tmp/mesh-pathology-dense-a100-torch/runs/exp0184_gpu-a100-80gb-4_torch_eager_collective_loop_b16_L512_fsdp1_tp4_tc128_vc16384_fsdp1_tp4_tc128_vc16384_r0/xla,,,PyTorch eager,True,False,-1.7562436289205035,6.931471805599453,4.1588830833596715,2.772588722239781,0.0167808,3.278757295567727
A100-80GB,gpu,exp0192_gpu-a100-80gb-4_torch_eager_collective_loop_b16_L512_fsdp1_tp4_tc256_vc32768_fsdp1_tp4_tc256_vc32768_r0,,-1,256/32768,256,"max(first_step_time - measured_median, 0)",1.3998057297430933,pytorch_eager,4,4,A100:4:80GB,12.744811402168125,eager,192,1.4777292869985104,pytorch,1,16,primary_gpu_baseline,gpu-a100-80gb-4,320,e06eca290544,e06eca290544,0,/tmp/mesh-pathology-dense-a100-torch/runs/exp0192_gpu-a100-80gb-4_torch_eager_collective_loop_b16_L512_fsdp1_tp4_tc256_vc32768_fsdp1_tp4_tc256_vc32768_r0/runner.log,10,10,0.7826056955382228,0.07792355725541711,"fsdp=1,tp=4",collective_loop,0.08041144907474518,dense-synthetic,,0,0,0,/tmp/mesh-pathology-dense-a100-torch/runs/exp0192_gpu-a100-80gb-4_torch_eager_collective_loop_b16_L512_fsdp1_tp4_tc256_vc32768_fsdp1_tp4_tc256_vc32768_r0,20260616T025824Z,85.09587456,0.067113472,gpu-a100-80gb-4/torch_eager_collective_loop,0,512,b16/L512,b16_L512_fsdp1_tp4_tc256_vc32768,success,0.07826056955382228,13,2026-06-16T03:03:24+00:00,2026-06-16T02:58:24+00:00,256,32,104675.95682863133,,,12.4,2.6.0+cu124,4,32768,8,262144,3,PyTorch eager repeated NCCL all-reduce over chunk-sized tensors.,torch_eager_collective_loop,torch_microbench,4,/tmp/mesh-pathology-dense-a100-torch/runs/exp0192_gpu-a100-80gb-4_torch_eager_collective_loop_b16_L512_fsdp1_tp4_tc256_vc32768_fsdp1_tp4_tc256_vc32768_r0/xla,,,PyTorch eager,True,False,-2.547711384513316,5.545177444479562,3.4657359027997265,2.0794415416798357,0.067113472,1.4858644464489892
A100-80GB,gpu,exp0200_gpu-a100-80gb-4_torch_eager_collective_loop_b16_L512_fsdp1_tp4_tc512_vc65536_fsdp1_tp4_tc512_vc65536_r0,,-1,512/65536,64,"max(first_step_time - measured_median, 0)",1.231154430191964,pytorch_eager,4,4,A100:4:80GB,12.547414732631296,eager,200,1.2886442984454334,pytorch,1,16,primary_gpu_baseline,gpu-a100-80gb-4,320,e06eca290544,e06eca290544,0,/tmp/mesh-pathology-dense-a100-torch/runs/exp0200_gpu-a100-80gb-4_torch_eager_collective_loop_b16_L512_fsdp1_tp4_tc512_vc65536_fsdp1_tp4_tc512_vc65536_r0/runner.log,10,10,0.5807489287108183,0.05748986825346947,"fsdp=1,tp=4",collective_loop,0.06117652589455247,dense-synthetic,,0,0,0,/tmp/mesh-pathology-dense-a100-torch/runs/exp0200_gpu-a100-80gb-4_torch_eager_collective_loop_b16_L512_fsdp1_tp4_tc512_vc65536_fsdp1_tp4_tc512_vc65536_r0,20260616T025824Z,85.09587456,0.268440064,gpu-a100-80gb-4/torch_eager_collective_loop,0,512,b16/L512,b16_L512_fsdp1_tp4_tc512_vc65536,success,0.05807489287108183,13,2026-06-16T03:03:36+00:00,2026-06-16T02:58:24+00:00,512,16,141059.2356697945,,,12.4,2.6.0+cu124,4,65536,4,262144,3,PyTorch eager repeated NCCL all-reduce over chunk-sized tensors.,torch_eager_collective_loop,torch_microbench,4,/tmp/mesh-pathology-dense-a100-torch/runs/exp0200_gpu-a100-80gb-4_torch_eager_collective_loop_b16_L512_fsdp1_tp4_tc512_vc65536_fsdp1_tp4_tc512_vc65536_r0/xla,,,PyTorch eager,True,False,-2.8460218449923365,4.1588830833596715,2.772588722239781,1.3862943611198906,0.268440064,1.1026167971998848
A100-80GB,gpu,exp0208_gpu-a100-80gb-4_torch_eager_collective_loop_b16_L512_fsdp1_tp4_tc1024_vc131072_fsdp1_tp4_tc1024_vc131072_r0,,-1,1024/131072,16,"max(first_step_time - measured_median, 0)",1.4106286454480141,pytorch_eager,4,4,A100:4:80GB,12.294820619747043,eager,208,1.4626285322010517,pytorch,1,16,primary_gpu_baseline,gpu-a100-80gb-4,320,e06eca290544,e06eca290544,0,/tmp/mesh-pathology-dense-a100-torch/runs/exp0208_gpu-a100-80gb-4_torch_eager_collective_loop_b16_L512_fsdp1_tp4_tc1024_vc131072_fsdp1_tp4_tc1024_vc131072_r0/runner.log,10,10,0.5267006000503898,0.05199988675303757,"fsdp=1,tp=4",collective_loop,0.05558175314217806,dense-synthetic,,0,0,0,/tmp/mesh-pathology-dense-a100-torch/runs/exp0208_gpu-a100-80gb-4_torch_eager_collective_loop_b16_L512_fsdp1_tp4_tc1024_vc131072_fsdp1_tp4_tc1024_vc131072_r0,20260616T025824Z,85.09587456,1.07374848,gpu-a100-80gb-4/torch_eager_collective_loop,0,512,b16/L512,b16_L512_fsdp1_tp4_tc1024_vc131072,success,0.052670060005038974,13,2026-06-16T03:03:48+00:00,2026-06-16T02:58:24+00:00,1024,8,155534.28264969256,,,12.4,2.6.0+cu124,4,131072,2,262144,3,PyTorch eager repeated NCCL all-reduce over chunk-sized tensors.,torch_eager_collective_loop,torch_microbench,4,/tmp/mesh-pathology-dense-a100-torch/runs/exp0208_gpu-a100-80gb-4_torch_eager_collective_loop_b16_L512_fsdp1_tp4_tc1024_vc131072_fsdp1_tp4_tc1024_vc131072_r0/xla,,,PyTorch eager,True,False,-2.9437081062234105,2.772588722239781,2.0794415416798357,0.6931471805599453,1.07374848,1.0
A100-80GB,gpu,exp0216_gpu-a100-80gb-4_torch_eager_projection_collective_loop_b16_L512_fsdp4_tp1_tc64_vc262144_fsdp4_tp1_tc64_vc262144_r0,,-1,64/262144,128,"max(first_step_time - measured_median, 0)",0.23211997980251908,pytorch_eager,4,4,A100:4:80GB,10.337632499169558,eager,216,0.28027645498514175,pytorch,4,16,primary_gpu_baseline,gpu-a100-80gb-4,320,e06eca290544,e06eca290544,0,/tmp/mesh-pathology-dense-a100-torch/runs/exp0216_gpu-a100-80gb-4_torch_eager_projection_collective_loop_b16_L512_fsdp4_tp1_tc64_vc262144_fsdp4_tp1_tc64_vc262144_r0/runner.log,10,10,0.48697488801553845,0.04815647518262267,"fsdp=4,tp=1",projection_collective_loop,0.05119962617754936,dense-synthetic,,0,0,0,/tmp/mesh-pathology-dense-a100-torch/runs/exp0216_gpu-a100-80gb-4_torch_eager_projection_collective_loop_b16_L512_fsdp4_tp1_tc64_vc262144_fsdp4_tp1_tc64_vc262144_r0,20260616T025824Z,85.09587456,0.349308416,gpu-a100-80gb-4/torch_eager_projection_collective_loop,0,512,b16/L512,b16_L512_fsdp4_tp1_tc64_vc262144,success,0.04869748880155385,13,2026-06-16T03:04:00+00:00,2026-06-16T02:58:24+00:00,64,128,168222.22668160681,,,12.4,2.6.0+cu124,1,262144,1,262144,3,PyTorch eager projection matmul plus NCCL all-reduce.,torch_eager_projection_collective_loop,torch_microbench,4,/tmp/mesh-pathology-dense-a100-torch/runs/exp0216_gpu-a100-80gb-4_torch_eager_projection_collective_loop_b16_L512_fsdp4_tp1_tc64_vc262144_fsdp4_tp1_tc64_vc262144_r0/xla,,,PyTorch eager,True,True,-3.0221278148729134,4.852030263919617,4.852030263919617,0.0,0.349308416,1.2628346730768047
A100-80GB,gpu,exp0224_gpu-a100-80gb-4_torch_eager_projection_collective_loop_b16_L512_fsdp4_tp1_tc256_vc4096_fsdp4_tp1_tc256_vc4096_r0,,-1,256/4096,2048,"max(first_step_time - measured_median, 0)",0.23128223954699934,pytorch_eager,4,4,A100:4:80GB,11.99360885983333,eager,224,0.42348087299615145,pytorch,4,16,primary_gpu_baseline,gpu-a100-80gb-4,320,e06eca290544,e06eca290544,0,/tmp/mesh-pathology-dense-a100-torch/runs/exp0224_gpu-a100-80gb-4_torch_eager_projection_collective_loop_b16_L512_fsdp4_tp1_tc256_vc4096_fsdp4_tp1_tc256_vc4096_r0/runner.log,10,10,1.9193800995126367,0.1921986334491521,"fsdp=4,tp=1",projection_collective_loop,0.1999969258904457,dense-synthetic,,0,0,0,/tmp/mesh-pathology-dense-a100-torch/runs/exp0224_gpu-a100-80gb-4_torch_eager_projection_collective_loop_b16_L512_fsdp4_tp1_tc256_vc4096_fsdp4_tp1_tc256_vc4096_r0,20260616T025824Z,85.09587456,0.19293952,gpu-a100-80gb-4/torch_eager_projection_collective_loop,0,512,b16/L512,b16_L512_fsdp4_tp1_tc256_vc4096,success,0.19193800995126367,13,2026-06-16T03:04:11+00:00,2026-06-16T02:58:24+00:00,256,32,42680.44668213497,,,12.4,2.6.0+cu124,1,4096,64,262144,3,PyTorch eager projection matmul plus NCCL all-reduce.,torch_eager_projection_collective_loop,torch_microbench,4,/tmp/mesh-pathology-dense-a100-torch/runs/exp0224_gpu-a100-80gb-4_torch_eager_projection_collective_loop_b16_L512_fsdp4_tp1_tc256_vc4096_fsdp4_tp1_tc256_vc4096_r0/xla,,,PyTorch eager,True,True,-1.650582823923597,7.6246189861593985,3.4657359027997265,4.1588830833596715,0.19293952,4.977381380702376
A100-80GB,gpu,exp0232_gpu-a100-80gb-4_torch_eager_projection_collective_loop_b16_L512_fsdp4_tp1_tc512_vc8192_fsdp4_tp1_tc512_vc8192_r0,,-1,512/8192,512,"max(first_step_time - measured_median, 0)",0.30875085294246674,pytorch_eager,4,4,A100:4:80GB,10.338904653210193,eager,232,0.35527698090299964,pytorch,4,16,primary_gpu_baseline,gpu-a100-80gb-4,320,e06eca290544,e06eca290544,0,/tmp/mesh-pathology-dense-a100-torch/runs/exp0232_gpu-a100-80gb-4_torch_eager_projection_collective_loop_b16_L512_fsdp4_tp1_tc512_vc8192_fsdp4_tp1_tc512_vc8192_r0/runner.log,10,10,0.4696149625815451,0.046526127960532904,"fsdp=4,tp=1",projection_collective_loop,0.0507216970436275,dense-synthetic,,0,0,0,/tmp/mesh-pathology-dense-a100-torch/runs/exp0232_gpu-a100-80gb-4_torch_eager_projection_collective_loop_b16_L512_fsdp4_tp1_tc512_vc8192_fsdp4_tp1_tc512_vc8192_r0,20260616T025824Z,85.09587456,0.223479296,gpu-a100-80gb-4/torch_eager_projection_collective_loop,0,512,b16/L512,b16_L512_fsdp4_tp1_tc512_vc8192,success,0.04696149625815451,13,2026-06-16T03:04:22+00:00,2026-06-16T02:58:24+00:00,512,16,174440.77920701943,,,12.4,2.6.0+cu124,1,8192,32,262144,3,PyTorch eager projection matmul plus NCCL all-reduce.,torch_eager_projection_collective_loop,torch_microbench,4,/tmp/mesh-pathology-dense-a100-torch/runs/exp0232_gpu-a100-80gb-4_torch_eager_projection_collective_loop_b16_L512_fsdp4_tp1_tc512_vc8192_fsdp4_tp1_tc512_vc8192_r0/xla,,,PyTorch eager,True,True,-3.058427241573075,6.238324625039508,2.772588722239781,3.4657359027997265,0.223479296,1.2178165082810561
A100-80GB,gpu,exp0240_gpu-a100-80gb-4_torch_eager_projection_collective_loop_b16_L512_fsdp4_tp1_tc1024_vc16384_fsdp4_tp1_tc1024_vc16384_r0,,-1,1024/16384,128,"max(first_step_time - measured_median, 0)",0.29230887070298195,pytorch_eager,4,4,A100:4:80GB,10.594002103898674,eager,240,0.33022121665999293,pytorch,4,16,primary_gpu_baseline,gpu-a100-80gb-4,320,e06eca290544,e06eca290544,0,/tmp/mesh-pathology-dense-a100-torch/runs/exp0240_gpu-a100-80gb-4_torch_eager_projection_collective_loop_b16_L512_fsdp4_tp1_tc1024_vc16384_fsdp4_tp1_tc1024_vc16384_r0/runner.log,10,10,0.38562046037986875,0.037912345957010984,"fsdp=4,tp=1",projection_collective_loop,0.04167580232024193,dense-synthetic,,0,0,0,/tmp/mesh-pathology-dense-a100-torch/runs/exp0240_gpu-a100-80gb-4_torch_eager_projection_collective_loop_b16_L512_fsdp4_tp1_tc1024_vc16384_fsdp4_tp1_tc1024_vc16384_r0,20260616T025824Z,85.09587456,0.349308416,gpu-a100-80gb-4/torch_eager_projection_collective_loop,0,512,b16/L512,b16_L512_fsdp4_tp1_tc1024_vc16384,success,0.03856204603798687,13,2026-06-16T03:04:32+00:00,2026-06-16T02:58:24+00:00,1024,8,212436.86063571906,,,12.4,2.6.0+cu124,1,16384,16,262144,3,PyTorch eager projection matmul plus NCCL all-reduce.,torch_eager_projection_collective_loop,torch_microbench,4,/tmp/mesh-pathology-dense-a100-torch/runs/exp0240_gpu-a100-80gb-4_torch_eager_projection_collective_loop_b16_L512_fsdp4_tp1_tc1024_vc16384_fsdp4_tp1_tc1024_vc16384_r0/xla,,,PyTorch eager,True,True,-3.2554867494963733,4.852030263919617,2.0794415416798357,2.772588722239781,0.349308416,1.0
A100-80GB,gpu,exp0248_gpu-a100-80gb-4_torch_eager_projection_collective_loop_b16_L512_fsdp2_tp2_tc64_vc32768_fsdp2_tp2_tc64_vc32768_r0,,-1,64/32768,1024,"max(first_step_time - measured_median, 0)",0.990766873350367,pytorch_eager,4,4,A100:4:80GB,13.99990335619077,eager,248,1.2025784947909415,pytorch,2,16,primary_gpu_baseline,gpu-a100-80gb-4,320,e06eca290544,e06eca290544,0,/tmp/mesh-pathology-dense-a100-torch/runs/exp0248_gpu-a100-80gb-4_torch_eager_projection_collective_loop_b16_L512_fsdp2_tp2_tc64_vc32768_fsdp2_tp2_tc64_vc32768_r0/runner.log,10,10,2.1176061029545963,0.21181162144057453,"fsdp=2,tp=2",projection_collective_loop,0.21901851007714868,dense-synthetic,,0,0,0,/tmp/mesh-pathology-dense-a100-torch/runs/exp0248_gpu-a100-80gb-4_torch_eager_projection_collective_loop_b16_L512_fsdp2_tp2_tc64_vc32768_fsdp2_tp2_tc64_vc32768_r0,20260616T025824Z,85.09587456,0.202507776,gpu-a100-80gb-4/torch_eager_projection_collective_loop,0,512,b16/L512,b16_L512_fsdp2_tp2_tc64_vc32768,success,0.21176061029545962,13,2026-06-16T03:04:46+00:00,2026-06-16T02:58:24+00:00,64,128,38685.19262657058,,,12.4,2.6.0+cu124,2,32768,8,262144,3,PyTorch eager projection matmul plus NCCL all-reduce.,torch_eager_projection_collective_loop,torch_microbench,4,/tmp/mesh-pathology-dense-a100-torch/runs/exp0248_gpu-a100-80gb-4_torch_eager_projection_collective_loop_b16_L512_fsdp2_tp2_tc64_vc32768_fsdp2_tp2_tc64_vc32768_r0/xla,,,PyTorch eager,True,True,-1.552298839052618,6.931471805599453,4.852030263919617,2.0794415416798357,0.202507776,3.6950475608726636
A100-80GB,gpu,exp0256_gpu-a100-80gb-4_torch_eager_projection_collective_loop_b16_L512_fsdp2_tp2_tc128_vc65536_fsdp2_tp2_tc128_vc65536_r0,,-1,128/65536,256,"max(first_step_time - measured_median, 0)",1.0170569189358503,pytorch_eager,4,4,A100:4:80GB,12.396156226284802,eager,256,1.1017574672587216,pytorch,2,16,primary_gpu_baseline,gpu-a100-80gb-4,320,e06eca290544,e06eca290544,0,/tmp/mesh-pathology-dense-a100-torch/runs/exp0256_gpu-a100-80gb-4_torch_eager_projection_collective_loop_b16_L512_fsdp2_tp2_tc128_vc65536_fsdp2_tp2_tc128_vc65536_r0/runner.log,10,10,0.8475973722524941,0.08470054832287133,"fsdp=2,tp=2",projection_collective_loop,0.08585706306621432,dense-synthetic,,0,0,0,/tmp/mesh-pathology-dense-a100-torch/runs/exp0256_gpu-a100-80gb-4_torch_eager_projection_collective_loop_b16_L512_fsdp2_tp2_tc128_vc65536_fsdp2_tp2_tc128_vc65536_r0,20260616T025824Z,85.09587456,0.265422336,gpu-a100-80gb-4/torch_eager_projection_collective_loop,0,512,b16/L512,b16_L512_fsdp2_tp2_tc128_vc65536,success,0.0847597372252494,13,2026-06-16T03:04:58+00:00,2026-06-16T02:58:24+00:00,128,64,96649.66254236632,,,12.4,2.6.0+cu124,2,65536,4,262144,3,PyTorch eager projection matmul plus NCCL all-reduce.,torch_eager_projection_collective_loop,torch_microbench,4,/tmp/mesh-pathology-dense-a100-torch/runs/exp0256_gpu-a100-80gb-4_torch_eager_projection_collective_loop_b16_L512_fsdp2_tp2_tc128_vc65536_fsdp2_tp2_tc128_vc65536_r0/xla,,,PyTorch eager,True,True,-2.4679346458080644,5.545177444479562,4.1588830833596715,1.3862943611198906,0.265422336,1.4789873331843193
A100-80GB,gpu,exp0264_gpu-a100-80gb-4_torch_eager_projection_collective_loop_b16_L512_fsdp2_tp2_tc256_vc131072_fsdp2_tp2_tc256_vc131072_r0,,-1,256/131072,64,"max(first_step_time - measured_median, 0)",0.9365565495099872,pytorch_eager,4,4,A100:4:80GB,11.989183992147446,eager,264,0.9984321719966829,pytorch,2,16,primary_gpu_baseline,gpu-a100-80gb-4,320,e06eca290544,e06eca290544,0,/tmp/mesh-pathology-dense-a100-torch/runs/exp0264_gpu-a100-80gb-4_torch_eager_projection_collective_loop_b16_L512_fsdp2_tp2_tc256_vc131072_fsdp2_tp2_tc256_vc131072_r0/runner.log,10,10,0.6280807047151029,0.06187562248669565,"fsdp=2,tp=2",projection_collective_loop,0.06743538472801447,dense-synthetic,,0,0,0,/tmp/mesh-pathology-dense-a100-torch/runs/exp0264_gpu-a100-80gb-4_torch_eager_projection_collective_loop_b16_L512_fsdp2_tp2_tc256_vc131072_fsdp2_tp2_tc256_vc131072_r0,20260616T025824Z,85.09587456,0.517080576,gpu-a100-80gb-4/torch_eager_projection_collective_loop,0,512,b16/L512,b16_L512_fsdp2_tp2_tc256_vc131072,success,0.0628080704715103,13,2026-06-16T03:05:10+00:00,2026-06-16T02:58:24+00:00,256,32,130429.09833881757,,,12.4,2.6.0+cu124,2,131072,2,262144,3,PyTorch eager projection matmul plus NCCL all-reduce.,torch_eager_projection_collective_loop,torch_microbench,4,/tmp/mesh-pathology-dense-a100-torch/runs/exp0264_gpu-a100-80gb-4_torch_eager_projection_collective_loop_b16_L512_fsdp2_tp2_tc256_vc131072_fsdp2_tp2_tc256_vc131072_r0/xla,,,PyTorch eager,True,True,-2.7676717030719367,4.1588830833596715,3.4657359027997265,0.6931471805599453,0.517080576,1.0959488984994132
A100-80GB,gpu,exp0272_gpu-a100-80gb-4_torch_eager_projection_collective_loop_b16_L512_fsdp2_tp2_tc512_vc262144_fsdp2_tp2_tc512_vc262144_r0,,-1,512/262144,16,"max(first_step_time - measured_median, 0)",1.1376739679835737,pytorch_eager,4,4,A100:4:80GB,12.54793299222365,eager,272,1.1941193169914186,pytorch,2,16,primary_gpu_baseline,gpu-a100-80gb-4,320,e06eca290544,e06eca290544,0,/tmp/mesh-pathology-dense-a100-torch/runs/exp0272_gpu-a100-80gb-4_torch_eager_projection_collective_loop_b16_L512_fsdp2_tp2_tc512_vc262144_fsdp2_tp2_tc512_vc262144_r0/runner.log,10,10,0.5730930571444333,0.056445349007844925,"fsdp=2,tp=2",projection_collective_loop,0.06036302028223872,dense-synthetic,,0,0,0,/tmp/mesh-pathology-dense-a100-torch/runs/exp0272_gpu-a100-80gb-4_torch_eager_projection_collective_loop_b16_L512_fsdp2_tp2_tc512_vc262144_fsdp2_tp2_tc512_vc262144_r0,20260616T025824Z,85.09587456,1.523713536,gpu-a100-80gb-4/torch_eager_projection_collective_loop,0,512,b16/L512,b16_L512_fsdp2_tp2_tc512_vc262144,success,0.05730930571444333,13,2026-06-16T03:05:22+00:00,2026-06-16T02:58:24+00:00,512,16,142943.62665669876,,,12.4,2.6.0+cu124,2,262144,1,262144,3,PyTorch eager projection matmul plus NCCL all-reduce.,torch_eager_projection_collective_loop,torch_microbench,4,/tmp/mesh-pathology-dense-a100-torch/runs/exp0272_gpu-a100-80gb-4_torch_eager_projection_collective_loop_b16_L512_fsdp2_tp2_tc512_vc262144_fsdp2_tp2_tc512_vc262144_r0/xla,,,PyTorch eager,True,True,-2.8592922650540205,2.772588722239781,2.772588722239781,0.0,1.523713536,1.0
A100-80GB,gpu,exp0280_gpu-a100-80gb-4_torch_eager_projection_collective_loop_b16_L512_fsdp1_tp4_tc64_vc4096_fsdp1_tp4_tc64_vc4096_r0,,-1,64/4096,8192,"max(first_step_time - measured_median, 0)",1.5814860567916185,pytorch_eager,4,4,A100:4:80GB,33.28904224187136,eager,280,3.230557205155492,pytorch,1,16,primary_gpu_baseline,gpu-a100-80gb-4,320,e06eca290544,e06eca290544,0,/tmp/mesh-pathology-dense-a100-torch/runs/exp0280_gpu-a100-80gb-4_torch_eager_projection_collective_loop_b16_L512_fsdp1_tp4_tc64_vc4096_fsdp1_tp4_tc64_vc4096_r0/runner.log,10,10,16.494622909929603,1.6490711483638734,"fsdp=1,tp=4",projection_collective_loop,1.7189179859124124,dense-synthetic,,0,0,0,/tmp/mesh-pathology-dense-a100-torch/runs/exp0280_gpu-a100-80gb-4_torch_eager_projection_collective_loop_b16_L512_fsdp1_tp4_tc64_vc4096_fsdp1_tp4_tc64_vc4096_r0,20260616T025824Z,85.09587456,0.184157696,gpu-a100-80gb-4/torch_eager_projection_collective_loop,0,512,b16/L512,b16_L512_fsdp1_tp4_tc64_vc4096,success,1.6494622909929604,13,2026-06-16T03:05:56+00:00,2026-06-16T02:58:24+00:00,64,128,4966.466978198389,,,12.4,2.6.0+cu124,4,4096,64,262144,3,PyTorch eager projection matmul plus NCCL all-reduce.,torch_eager_projection_collective_loop,torch_microbench,4,/tmp/mesh-pathology-dense-a100-torch/runs/exp0280_gpu-a100-80gb-4_torch_eager_projection_collective_loop_b16_L512_fsdp1_tp4_tc64_vc4096_fsdp1_tp4_tc64_vc4096_r0/xla,,,PyTorch eager,True,True,0.5004493505539883,9.010913347279288,4.852030263919617,4.1588830833596715,0.184157696,24.597771563925637
A100-80GB,gpu,exp0288_gpu-a100-80gb-4_torch_eager_projection_collective_loop_b16_L512_fsdp1_tp4_tc128_vc8192_fsdp1_tp4_tc128_vc8192_r0,,-1,128/8192,2048,"max(first_step_time - measured_median, 0)",1.473622250603512,pytorch_eager,4,4,A100:4:80GB,17.152759661898017,eager,288,1.874623300973326,pytorch,1,16,primary_gpu_baseline,gpu-a100-80gb-4,320,e06eca290544,e06eca290544,0,/tmp/mesh-pathology-dense-a100-torch/runs/exp0288_gpu-a100-80gb-4_torch_eager_projection_collective_loop_b16_L512_fsdp1_tp4_tc128_vc8192_fsdp1_tp4_tc128_vc8192_r0/runner.log,10,10,4.077152826357633,0.40100105036981404,"fsdp=1,tp=4",projection_collective_loop,0.4450494949705899,dense-synthetic,,0,0,0,/tmp/mesh-pathology-dense-a100-torch/runs/exp0288_gpu-a100-80gb-4_torch_eager_projection_collective_loop_b16_L512_fsdp1_tp4_tc128_vc8192_fsdp1_tp4_tc128_vc8192_r0,20260616T025824Z,85.09587456,0.19293952,gpu-a100-80gb-4/torch_eager_projection_collective_loop,0,512,b16/L512,b16_L512_fsdp1_tp4_tc128_vc8192,success,0.4077152826357633,13,2026-06-16T03:06:13+00:00,2026-06-16T02:58:24+00:00,128,64,20092.4526229212,,,12.4,2.6.0+cu124,4,8192,32,262144,3,PyTorch eager projection matmul plus NCCL all-reduce.,torch_eager_projection_collective_loop,torch_microbench,4,/tmp/mesh-pathology-dense-a100-torch/runs/exp0288_gpu-a100-80gb-4_torch_eager_projection_collective_loop_b16_L512_fsdp1_tp4_tc128_vc8192_fsdp1_tp4_tc128_vc8192_r0/xla,,,PyTorch eager,True,True,-0.8971861848563759,7.6246189861593985,4.1588830833596715,3.4657359027997265,0.19293952,6.08009497407703
A100-80GB,gpu,exp0296_gpu-a100-80gb-4_torch_eager_projection_collective_loop_b16_L512_fsdp1_tp4_tc256_vc16384_fsdp1_tp4_tc256_vc16384_r0,,-1,256/16384,512,"max(first_step_time - measured_median, 0)",1.5677272980101407,pytorch_eager,4,4,A100:4:80GB,13.64478200301528,eager,296,1.6901706289499998,pytorch,1,16,primary_gpu_baseline,gpu-a100-80gb-4,320,e06eca290544,e06eca290544,0,/tmp/mesh-pathology-dense-a100-torch/runs/exp0296_gpu-a100-80gb-4_torch_eager_projection_collective_loop_b16_L512_fsdp1_tp4_tc256_vc16384_fsdp1_tp4_tc256_vc16384_r0/runner.log,10,10,1.2256603529676795,0.12244333093985915,"fsdp=1,tp=4",projection_collective_loop,0.1255143047310412,dense-synthetic,,0,0,0,/tmp/mesh-pathology-dense-a100-torch/runs/exp0296_gpu-a100-80gb-4_torch_eager_projection_collective_loop_b16_L512_fsdp1_tp4_tc256_vc16384_fsdp1_tp4_tc256_vc16384_r0,20260616T025824Z,85.09587456,0.223479296,gpu-a100-80gb-4/torch_eager_projection_collective_loop,0,512,b16/L512,b16_L512_fsdp1_tp4_tc256_vc16384,success,0.12256603529676795,13,2026-06-16T03:06:27+00:00,2026-06-16T02:58:24+00:00,256,32,66837.43975371962,,,12.4,2.6.0+cu124,4,16384,16,262144,3,PyTorch eager projection matmul plus NCCL all-reduce.,torch_eager_projection_collective_loop,torch_microbench,4,/tmp/mesh-pathology-dense-a100-torch/runs/exp0296_gpu-a100-80gb-4_torch_eager_projection_collective_loop_b16_L512_fsdp1_tp4_tc256_vc16384_fsdp1_tp4_tc256_vc16384_r0/xla,,,PyTorch eager,True,True,-2.0991053305928835,6.238324625039508,3.4657359027997265,2.772588722239781,0.223479296,1.827778273070452
A100-80GB,gpu,exp0304_gpu-a100-80gb-4_torch_eager_projection_collective_loop_b16_L512_fsdp1_tp4_tc512_vc32768_fsdp1_tp4_tc512_vc32768_r0,,-1,512/32768,128,"max(first_step_time - measured_median, 0)",1.4572249583434314,pytorch_eager,4,4,A100:4:80GB,12.696896569803357,eager,304,1.53439886495471,pytorch,1,16,primary_gpu_baseline,gpu-a100-80gb-4,320,e06eca290544,e06eca290544,0,/tmp/mesh-pathology-dense-a100-torch/runs/exp0304_gpu-a100-80gb-4_torch_eager_projection_collective_loop_b16_L512_fsdp1_tp4_tc512_vc32768_fsdp1_tp4_tc512_vc32768_r0/runner.log,10,10,0.7726472956128418,0.07717390661127865,"fsdp=1,tp=4",projection_collective_loop,0.07793725188821554,dense-synthetic,,0,0,0,/tmp/mesh-pathology-dense-a100-torch/runs/exp0304_gpu-a100-80gb-4_torch_eager_projection_collective_loop_b16_L512_fsdp1_tp4_tc512_vc32768_fsdp1_tp4_tc512_vc32768_r0,20260616T025824Z,85.09587456,0.349308416,gpu-a100-80gb-4/torch_eager_projection_collective_loop,0,512,b16/L512,b16_L512_fsdp1_tp4_tc512_vc32768,success,0.07726472956128419,13,2026-06-16T03:06:40+00:00,2026-06-16T02:58:24+00:00,512,16,106025.09122228065,,,12.4,2.6.0+cu124,4,32768,8,262144,3,PyTorch eager projection matmul plus NCCL all-reduce.,torch_eager_projection_collective_loop,torch_microbench,4,/tmp/mesh-pathology-dense-a100-torch/runs/exp0304_gpu-a100-80gb-4_torch_eager_projection_collective_loop_b16_L512_fsdp1_tp4_tc512_vc32768_fsdp1_tp4_tc512_vc32768_r0/xla,,,PyTorch eager,True,True,-2.5605177074477647,4.852030263919617,2.772588722239781,2.0794415416798357,0.349308416,1.1522180155769757
A100-80GB,gpu,exp0312_gpu-a100-80gb-4_torch_eager_projection_collective_loop_b16_L512_fsdp1_tp4_tc1024_vc65536_fsdp1_tp4_tc1024_vc65536_r0,,-1,1024/65536,32,"max(first_step_time - measured_median, 0)",1.5213148607872427,pytorch_eager,4,4,A100:4:80GB,12.994484680704772,eager,312,1.587720150128007,pytorch,1,16,primary_gpu_baseline,gpu-a100-80gb-4,320,e06eca290544,e06eca290544,0,/tmp/mesh-pathology-dense-a100-torch/runs/exp0312_gpu-a100-80gb-4_torch_eager_projection_collective_loop_b16_L512_fsdp1_tp4_tc1024_vc65536_fsdp1_tp4_tc1024_vc65536_r0/runner.log,10,10,0.6705738715827465,0.06640528934076428,"fsdp=1,tp=4",projection_collective_loop,0.0693766437470913,dense-synthetic,,0,0,0,/tmp/mesh-pathology-dense-a100-torch/runs/exp0312_gpu-a100-80gb-4_torch_eager_projection_collective_loop_b16_L512_fsdp1_tp4_tc1024_vc65536_fsdp1_tp4_tc1024_vc65536_r0,20260616T025824Z,85.09587456,0.852624896,gpu-a100-80gb-4/torch_eager_projection_collective_loop,0,512,b16/L512,b16_L512_fsdp1_tp4_tc1024_vc65536,success,0.06705738715827465,13,2026-06-16T03:06:52+00:00,2026-06-16T02:58:24+00:00,1024,8,122164.02020950403,,,12.4,2.6.0+cu124,4,65536,4,262144,3,PyTorch eager projection matmul plus NCCL all-reduce.,torch_eager_projection_collective_loop,torch_microbench,4,/tmp/mesh-pathology-dense-a100-torch/runs/exp0312_gpu-a100-80gb-4_torch_eager_projection_collective_loop_b16_L512_fsdp1_tp4_tc1024_vc65536_fsdp1_tp4_tc1024_vc65536_r0/xla,,,PyTorch eager,True,True,-2.702206501448803,3.4657359027997265,2.0794415416798357,1.3862943611198906,0.852624896,1.0
