model,suite,mesh,batch_size,max_length,eval_loss_cce,eval_loss_default,final_loss_cce,final_loss_default,mean_step_time_sec_excl_first_cce,mean_step_time_sec_excl_first_default,valid_tokens_per_sec_excl_first_cce,valid_tokens_per_sec_excl_first_default,xla_train_step_gib_per_chip_cce,xla_train_step_gib_per_chip_default,xla_reduction_pct,step_time_multiplier_cce_vs_default,loss_delta_cce_minus_default
Gemma3 270M,fourchip_frontier_fsdp1_tp4,fsdp1/tp4,1,256,,,2.39208722114563,2.4185163974761963,28.73431119400084,27.277530059000128,3.793374383122748,3.9959629689432177,0.4987721443176269,0.3182830810546875,-56.707086868977406,1.0534059033882377,-0.026429176330566406
Gemma3 270M,fourchip_frontier_fsdp1_tp4,fsdp1/tp4,1,512,,,2.4074394702911377,2.3912875652313232,29.281289066999307,28.10204294200048,3.722513710055393,3.8787215657226057,0.5196795463562012,0.3210630416870117,-61.862151316317096,1.0419630034525482,0.016151905059814453
Gemma3 270M,fourchip_frontier_fsdp1_tp4,fsdp1/tp4,1,1024,,,2.6741883754730225,2.624394416809082,30.690111770998556,29.98801113400077,3.5516325523129075,3.634785898702514,0.6212325096130371,0.7073144912719727,12.170255624783433,1.0234127109617395,0.04979395866394043
Gemma3 270M,fourchip_frontier_fsdp1_tp4,fsdp1/tp4,1,2048,,,2.686645269393921,2.537623405456543,34.62955835399953,32.941833921999205,3.14760006136235,3.308862532003953,0.858975887298584,1.18,27.205433279781012,1.0512334691503993,0.14902186393737793
Gemma3 270M,fourchip_frontier_fsdp1_tp4,fsdp1/tp4,1,4096,,,2.7126271724700928,2.625347137451172,37.71361764299945,36.27188835500056,2.890202712235245,3.00508203303876,1.59,2.38,33.193277310924366,1.0397478420171673,0.0872800350189209
Gemma3 270M,fourchip_frontier_fsdp1_tp4,fsdp1/tp4,4,256,,,2.3665966987609863,2.407329797744751,30.218672162000075,28.973922338000193,14.428165395972268,15.048014380440735,0.5857682228088379,0.6775751113891602,13.54933010926278,1.042961039567893,-0.04073309898376465
Gemma3 270M,fourchip_frontier_fsdp1_tp4,fsdp1/tp4,4,512,,,2.3794872760772705,2.401068687438965,32.73909140000069,31.2381074040004,13.31741295667084,13.957311637393408,0.7402195930480957,1.08,31.461148791842998,1.0480497738415506,-0.021581411361694336
Gemma3 270M,fourchip_frontier_fsdp1_tp4,fsdp1/tp4,4,1024,,,2.4235904216766357,2.386988401412964,36.48419125500004,34.535336449998795,11.950381384437229,12.624750322941049,1.15,1.98,41.919191919191924,1.0564307461669833,0.036602020263671875
Gemma3 270M,fourchip_frontier_fsdp1_tp4,fsdp1/tp4,4,2048,,,2.359126567840576,2.3664345741271973,40.24972820899893,37.773617638998985,10.83237128300708,11.542447540154487,2.07,3.87,46.51162790697675,1.0655513219216661,-0.007308006286621094
Gemma3 270M,fourchip_frontier_fsdp1_tp4,fsdp1/tp4,4,4096,,,2.426435708999634,2.4419407844543457,46.28281890799917,42.465171186999214,9.420342370819704,10.267237545800407,4.78,8.62,44.547563805104396,1.0899006789396561,-0.015505075454711914
Gemma3 270M,fourchip_frontier_fsdp1_tp4,fsdp1/tp4,8,256,,,2.4163658618927,2.4146406650543213,32.44000261800102,31.039786396000636,27.250306062227835,28.47957742756568,0.7223362922668457,1.06,31.855066767278707,1.0451103691287256,0.0017251968383789062
Gemma3 270M,fourchip_frontier_fsdp1_tp4,fsdp1/tp4,8,512,,,2.446861743927002,2.436563014984131,36.06051470099919,34.21288724099941,24.51434782142767,25.838216861763375,1.08,1.91,43.45549738219895,1.0540038450126963,0.010298728942871094
Gemma3 270M,fourchip_frontier_fsdp1_tp4,fsdp1/tp4,8,1024,,,2.42144775390625,2.392610788345337,40.179325569002685,37.649045041000136,22.00136481837772,23.480011220399252,1.78,3.6,50.55555555555556,1.0672070307559476,0.028836965560913086
Gemma3 270M,fourchip_frontier_fsdp1_tp4,fsdp1/tp4,8,2048,,,2.358729362487793,2.3834943771362305,45.554164230001334,42.30187987299905,19.405470716940737,20.89741644234232,3.64,7.4,50.810810810810814,1.0768827382321178,-0.0247650146484375
Gemma3 270M,fourchip_frontier_fsdp1_tp4,fsdp1/tp4,8,4096,,,2.308539390563965,2.3072471618652344,55.36606008799936,43.85346748699885,15.96646029345346,20.15804110044611,9.1,14.45,37.0242214532872,1.2625241117914705,0.0012922286987304688
Gemma3 270M,fourchip_frontier_fsdp1_tp4,fsdp1/tp4,16,256,,,2.35308837890625,2.343257188796997,35.34837486499964,33.68914668800062,50.24276241221247,52.717274689316326,1.04,1.88,44.680851063829785,1.0492511191323823,0.00983119010925293
Gemma3 270M,fourchip_frontier_fsdp1_tp4,fsdp1/tp4,16,512,,,2.356271743774414,2.3501718044281006,39.96964599700004,37.45059447999665,44.43371853063945,47.422478191864435,1.64,3.47,52.73775216138329,1.0672633252417096,0.0060999393463134766
Gemma3 270M,fourchip_frontier_fsdp1_tp4,fsdp1/tp4,16,1024,,,2.3486931324005127,2.3582253456115723,46.40664790500159,42.04325289500048,38.270378925787206,42.242211953376014,3.06,6.86,55.39358600583091,1.1037834779553888,-0.00953221321105957
Gemma3 270M,fourchip_frontier_fsdp1_tp4,fsdp1/tp4,16,2048,,,2.3401942253112793,2.3572306632995605,54.91674035899996,39.890478923000046,32.33986555629467,44.5219021668851,6.82,14.56,53.15934065934066,1.3766879175606006,-0.01703643798828125
Gemma3 270M,fourchip_frontier_fsdp1_tp4,fsdp1/tp4,32,256,,,2.3852555751800537,2.3911890983581543,39.42150049299744,36.92622616399967,90.1031151929631,96.19179561498044,1.56,3.39,53.98230088495575,1.0675745828429788,-0.005933523178100586
Gemma3 270M,fourchip_frontier_fsdp1_tp4,fsdp1/tp4,32,512,,,2.3893115520477295,2.3893871307373047,46.23313899999994,42.0646034320016,76.82800858492443,84.44154253687164,2.77,6.59,57.96661608497724,1.099098415957656,-7.557868957519531e-05
Gemma3 270M,fourchip_frontier_fsdp1_tp4,fsdp1/tp4,32,1024,,,2.3499786853790283,2.347627639770508,53.19177972699981,45.44353385900104,66.7772354719131,78.16293536987887,5.69,13.48,57.7893175074184,1.1705027142484006,0.002351045608520508
Gemma3 270M,fourchip_frontier_fsdp1_tp4,fsdp1/tp4,32,2048,,,2.377796173095703,,55.57653470199875,,63.9118653051295,,13.17,,,,
Gemma3 270M,fourchip_frontier_fsdp1_tp4,fsdp1/tp4,64,256,,,2.344691276550293,2.3529069423675537,46.0530226339979,41.361923780001234,155.47296551853788,173.10606823036375,2.63,6.45,59.22480620155039,1.1134158768568894,-0.008215665817260742
Gemma3 270M,fourchip_frontier_fsdp1_tp4,fsdp1/tp4,64,512,,,2.335801362991333,2.3409149646759033,54.98364968700116,45.70135098800165,130.2205299349693,156.66932913820804,5.12,12.97,60.524286815728615,1.2031077527978653,-0.0051136016845703125
Gemma3 270M,fourchip_frontier_fsdp1_tp4,fsdp1/tp4,64,1024,,,2.345449447631836,,56.030847379999614,,127.78675202680915,,10.92,,,,
Gemma3 270M,fourchip_frontier_fsdp1_tp4,fsdp1/tp4,128,256,,,2.280816078186035,2.2844934463500977,54.37930507300189,47.22941254499892,265.9835387852548,306.24983925470355,4.84,12.7,61.88976377952755,1.151386437872602,-0.0036773681640625
Gemma3 270M,fourchip_frontier_fsdp1_tp4,fsdp1/tp4,128,512,,,2.2917211055755615,,54.97751453100136,,263.0893761456581,,9.7,,,,
Gemma3 270M,fourchip_frontier_fsdp2_tp2,fsdp2/tp2,1,256,,,2.3504552841186523,2.36549711227417,0.574421440000151,0.1120515729999169,189.75614837769868,972.7663528657538,0.7277522087097168,0.3118524551391601,-133.36427105727512,5.126402286209557,-0.015041828155517578
Gemma3 270M,fourchip_frontier_fsdp2_tp2,fsdp2/tp2,1,512,,,2.3905534744262695,2.3550636768341064,1.057749167000111,0.1134502810000412,103.04900575732486,960.7732923989878,0.7232537269592285,0.6596794128417969,-9.637152968525008,9.323460089091597,0.035489797592163086
Gemma3 270M,fourchip_frontier_fsdp2_tp2,fsdp2/tp2,1,1024,,,2.3905534744262695,2.3550636768341064,2.0166587539997636,0.1166538919997037,54.04979884862205,934.3880271073748,0.9712300300598145,1.07,9.230838312166878,17.28753939907025,0.035489797592163086
Gemma3 270M,fourchip_frontier_fsdp2_tp2,fsdp2/tp2,1,2048,,,2.3905534744262695,2.3550636768341064,3.942106835000231,0.1341005599997515,27.65018924201571,812.8228547308224,1.44,2.01,28.358208955223873,29.396647075952075,0.035489797592163086
Gemma3 270M,fourchip_frontier_fsdp2_tp2,fsdp2/tp2,1,4096,,,2.3905534744262695,2.370387077331543,7.79066235099981,0.1831393170004958,13.991108212514376,595.1753112615622,2.75,4.26,35.44600938967136,42.53954027238574,0.020166397094726562
Gemma3 270M,fourchip_frontier_fsdp2_tp2,fsdp2/tp2,4,256,,,2.448523759841919,2.4589152336120605,2.019276752999758,0.1164299719994232,215.9188924214056,3744.7402289348624,0.9092535972595216,1.02,10.857490464752784,17.34327268419992,-0.010391473770141602
Gemma3 270M,fourchip_frontier_fsdp2_tp2,fsdp2/tp2,4,512,,,2.4056570529937744,2.450372219085694,3.9391516730001968,0.1320954299999357,110.683729948364,3300.6440873860065,1.21,1.81,33.149171270718234,29.820499263313756,-0.04471516609191939
Gemma3 270M,fourchip_frontier_fsdp2_tp2,fsdp2/tp2,4,1024,,,2.4056570529937744,2.4475836753845215,7.780763341000238,0.1723920270005692,56.03563312387689,2529.119284609145,1.85,3.44,46.22093023255813,45.13412526308162,-0.04192662239074707
Gemma3 270M,fourchip_frontier_fsdp2_tp2,fsdp2/tp2,4,2048,,,2.4056570529937744,2.450108528137207,15.470119808000163,0.2532461439996041,28.18336285763789,1721.6451674805426,3.52,7.05,50.070921985815595,61.08728671511124,-0.04445147514343262
Gemma3 270M,fourchip_frontier_fsdp2_tp2,fsdp2/tp2,4,4096,,,2.4056570529937744,2.4551467895507812,30.88554504900003,0.4577738810003211,14.116636093301397,952.4352919551872,8.6,14.38,40.19471488178026,67.46899797233814,-0.049489736557006836
Gemma3 270M,fourchip_frontier_fsdp2_tp2,fsdp2/tp2,8,256,,,2.376312017440796,2.3846957683563232,3.93903795299957,0.1326734609992854,224.42027991297613,6662.975348210453,1.17,1.77,33.89830508474577,29.68972033540895,-0.008383750915527344
Gemma3 270M,fourchip_frontier_fsdp2_tp2,fsdp2/tp2,8,512,,,2.3582000732421875,2.3651490211486816,7.777877413998795,0.169920018999619,113.6556868855965,5202.447629210669,1.71,3.3,48.18181818181818,45.77375555740866,-0.006948947906494141
Gemma3 270M,fourchip_frontier_fsdp2_tp2,fsdp2/tp2,8,1024,,,2.3582000732421875,2.3660480976104736,15.461421415000586,0.2460412130003533,57.17456217462309,3592.8940083657067,2.94,6.51,54.83870967741935,62.84077869091949,-0.007848024368286133
Gemma3 270M,fourchip_frontier_fsdp2_tp2,fsdp2/tp2,8,2048,,,2.3582000732421875,2.3660480976104736,30.851406583000426,0.4209780999999566,28.653474765299578,2099.871703540139,6.29,13.85,54.584837545126355,73.28506300684906,-0.007848024368286133
Gemma3 270M,fourchip_frontier_fsdp2_tp2,fsdp2/tp2,8,4096,,,2.3582000732421875,,61.19576846000018,,14.445443242988526,,14.82,,,,
Gemma3 270M,fourchip_frontier_fsdp2_tp2,fsdp2/tp2,16,256,,,2.2792809009552,2.2963547706604004,7.778178212000057,0.1699314480010798,228.3311016530855,10451.273268669576,1.63,3.23,49.53560371517028,45.77244708672542,-0.017073869705200195
Gemma3 270M,fourchip_frontier_fsdp2_tp2,fsdp2/tp2,16,512,,,2.2792809009552,2.3113694190979004,15.454518409998856,0.2417469739993976,114.91784815830646,7346.524221661718,2.65,6.23,57.46388443017657,63.92848751867879,-0.032088518142700195
Gemma3 270M,fourchip_frontier_fsdp2_tp2,fsdp2/tp2,16,1024,,,2.2792809009552,2.311606168746948,30.83149616099945,0.4020122330002778,57.60343224103946,4417.776013295528,5.13,12.66,59.478672985782,76.69293028945751,-0.0323252677917476
Gemma3 270M,fourchip_frontier_fsdp2_tp2,fsdp2/tp2,16,2048,,,2.2821695804595947,,61.62698452999939,,28.81854456363123,,12.03,,,,
Gemma3 270M,fourchip_frontier_fsdp2_tp2,fsdp2/tp2,32,256,,,2.2803869247436523,2.2940025329589844,15.453216900999903,0.2398015840008156,229.85505366006785,14812.24577727526,2.51,6.09,58.78489326765188,64.44167983872593,-0.013615608215332031
Gemma3 270M,fourchip_frontier_fsdp2_tp2,fsdp2/tp2,32,512,,,2.2779381275177,2.2744903564453125,30.822263908999957,0.3907933450009295,115.24137261581336,9089.202888016302,4.56,12.11,62.34516928158547,78.87100510610448,0.0034477710723876953
Gemma3 270M,fourchip_frontier_fsdp2_tp2,fsdp2/tp2,32,1024,,,2.2804834842681885,,61.58846631899905,,57.67313609665687,,9.54,,,,
Gemma3 270M,fourchip_frontier_fsdp2_tp2,fsdp2/tp2,64,256,,,2.251950979232788,2.2626256942749023,30.816426933999537,0.3884143289997155,232.3436138568169,18433.923430268827,4.52,11.83,61.792054099746416,79.33905789047785,-0.010674715042114258
Gemma3 270M,fourchip_frontier_fsdp2_tp2,fsdp2/tp2,64,512,,,2.301398754119873,,61.56533297600072,,116.29921668402407,,8.87,,,,
Gemma3 270M,fourchip_frontier_fsdp2_tp2,fsdp2/tp2,128,256,,,2.2474687099456787,,61.32342482999957,,235.8641912139939,,8.71,,,,
Gemma3 270M,fourchip_frontier_fsdp2_tp2,fsdp2/tp2,128,512,,,2.2610230445861816,,121.80642023499968,,118.74579330132826,,14.76,,,,
Gemma3 270M,fourchip_frontier_fsdp4_tp1,fsdp4/tp1,1,256,,,2.392479658126831,2.432738780975342,0.0904966230000354,0.0889334129997223,1204.4648340077538,1225.6360834857458,0.4626760482788086,0.6323108673095703,26.82775637757795,1.017577308095867,-0.04025912284851074
Gemma3 270M,fourchip_frontier_fsdp4_tp1,fsdp4/tp1,1,512,,,2.3822755813598633,2.568483352661133,0.1007201080001323,0.0919167430001834,1082.2069412381568,1185.855769495471,0.4993457794189453,0.9956254959106444,49.8460232818545,1.0957754236345312,-0.18620777130126953
Gemma3 270M,fourchip_frontier_fsdp4_tp1,fsdp4/tp1,1,1024,,,2.5293304920196533,2.611402988433838,0.1260596490001262,0.1005618030003461,864.6700261706334,1083.9105579642885,0.7632369995117188,1.76,56.63426139137962,1.2535539860964142,-0.08207249641418457
Gemma3 270M,fourchip_frontier_fsdp4_tp1,fsdp4/tp1,1,2048,,,2.5660040378570557,2.5795726776123047,0.1757790470001055,0.1288897399999768,620.0966603257019,845.6840707415466,1.48,3.46,57.22543352601156,1.3637939451203573,-0.013568639755249023
Gemma3 270M,fourchip_frontier_fsdp4_tp1,fsdp4/tp1,1,4096,,,2.50976037979126,2.524080753326416,0.2969180150003012,0.207025435000105,367.1047039698464,526.5053542814422,4.01,7.83,48.786717752235,1.4342103181676715,-0.014320373535155806
Gemma3 270M,fourchip_frontier_fsdp4_tp1,fsdp4/tp1,4,256,,,2.452564477920532,2.475974798202514,0.1211288900003637,0.1015025010001409,3599.4716041622332,4295.460660613621,0.701690673828125,1.66,57.72947748023343,1.1933586739916444,-0.023410320281982422
Gemma3 270M,fourchip_frontier_fsdp4_tp1,fsdp4/tp1,4,512,,,2.499480724334717,2.502814292907715,0.1675856559995736,0.1243345889997726,2601.6546428120864,3506.666998358736,1.17,3.06,61.76470588235294,1.3478602965412956,-0.003333568572998047
Gemma3 270M,fourchip_frontier_fsdp4_tp1,fsdp4/tp1,4,1024,,,2.5113041400909424,2.4921164512634277,0.2630696570004147,0.1785654949999298,1657.355717004309,2441.68113218162,2.13,6.1,65.08196721311475,1.4732390319894564,0.01918768882751465
Gemma3 270M,fourchip_frontier_fsdp4_tp1,fsdp4/tp1,4,2048,,,2.4108684062957764,2.4220163822174072,0.4836742890001915,0.3040646539993759,901.433071626074,1433.9055666789045,5.12,13.01,60.6456571867794,1.5906955400386138,-0.01114797592163086
Gemma3 270M,fourchip_frontier_fsdp4_tp1,fsdp4/tp1,4,4096,,,2.4449751377105713,,1.0063969550001275,,433.2286557841829,,14.11,,,,
Gemma3 270M,fourchip_frontier_fsdp4_tp1,fsdp4/tp1,8,256,,,2.3975250720977783,2.402928113937378,0.169946568999876,0.1253883319996021,5201.634873844642,7050.097771480087,1.1,2.98,63.08724832214765,1.3553619087971864,-0.005403041839599609
Gemma3 270M,fourchip_frontier_fsdp4_tp1,fsdp4/tp1,8,512,,,2.4039149284362793,2.3980553150177,0.2594201029996839,0.174611649000326,3407.6002197912826,5062.663373612316,2.09,5.83,64.15094339622642,1.4856975722118033,0.0058596134185791016
Gemma3 270M,fourchip_frontier_fsdp4_tp1,fsdp4/tp1,8,1024,,,2.3621180057525635,2.3715412616729736,0.46107016499991,0.2848468920001323,1917.278685772636,3103.4216093872255,3.96,11.84,66.55405405405406,1.6186596306611478,-0.009423255920410156
Gemma3 270M,fourchip_frontier_fsdp4_tp1,fsdp4/tp1,8,2048,,,2.395507335662842,,0.9088429000003088,,972.6653528345764,,9.82,,,,
Gemma3 270M,fourchip_frontier_fsdp4_tp1,fsdp4/tp1,16,256,,,2.3691506385803223,2.3565964698791504,0.2637541799995233,0.1706748859996878,6733.542573631286,10405.748857528157,1.67,5.69,70.65026362038664,1.5453602236477002,0.012554168701171875
Gemma3 270M,fourchip_frontier_fsdp4_tp1,fsdp4/tp1,16,512,,,2.367995023727417,2.360680341720581,0.4533281959993473,0.2756686180000542,3917.691455491458,6442.517878475563,3.85,11.29,65.89902568644818,1.6444679096525168,0.0073146820068359375
Gemma3 270M,fourchip_frontier_fsdp4_tp1,fsdp4/tp1,16,1024,,,2.347944736480713,,0.8710389160005434,,2038.9444918886863,,7.49,,,,
Gemma3 270M,fourchip_frontier_fsdp4_tp1,fsdp4/tp1,32,256,,,2.392786026000977,2.383409261703491,0.452000291999866,0.2694432000007509,7858.4020029815665,13182.741297572553,3.02,11.01,72.57039055404178,1.677534604690734,0.009376764297485796
Gemma3 270M,fourchip_frontier_fsdp4_tp1,fsdp4/tp1,32,512,,,2.4011287689208984,,0.8532811490003951,,4162.754567074533,,6.29,,,,
Gemma3 270M,fourchip_frontier_fsdp4_tp1,fsdp4/tp1,32,1024,,,2.37956166267395,,1.720614175999799,,2064.379132489732,,14.12,,,,
Gemma3 270M,fourchip_frontier_fsdp4_tp1,fsdp4/tp1,64,256,,,2.336447238922119,,0.8438444189996517,,8484.976423127775,,5.73,,,,
Gemma3 270M,fourchip_frontier_fsdp4_tp1,fsdp4/tp1,64,512,,,2.3492414951324463,,1.6645266409996111,,4301.523222061588,,12.39,,,,
Gemma3 270M,fourchip_frontier_fsdp4_tp1,fsdp4/tp1,128,256,,,2.276346445083618,,1.6484149969983264,,8774.489449767294,,11.21,,,,
Gemma3 1B,fourchip_frontier_fsdp2_tp2,fsdp2/tp2,1,256,,,1.7115060091018677,1.6834334135055542,1.0190004609994503,0.1629214760014292,106.96756691659516,669.0339584146892,1.97,1.27,-55.11811023622046,6.254549651824363,0.028072595596313477
Gemma3 1B,fourchip_frontier_fsdp2_tp2,fsdp2/tp2,1,512,,,1.7115060091018677,1.6932014226913452,1.8938034689999768,0.1653285789998335,57.55613070957013,659.2931522148372,1.98,1.41,-40.42553191489362,11.45478586011366,0.01830458641052246
Gemma3 1B,fourchip_frontier_fsdp2_tp2,fsdp2/tp2,1,1024,,,1.680458903312683,1.6779624223709106,3.6507156679999753,0.1868543889995635,29.857159503116016,583.3419304924896,2.45,2.31,-6.060606060606055,19.537757114222796,0.002496480941772461
Gemma3 1B,fourchip_frontier_fsdp2_tp2,fsdp2/tp2,1,2048,,,1.680458903312683,1.6882827281951904,7.155344434999279,0.2227247240007273,15.233368706451513,489.3933553584472,3.3,3.52,6.25,32.12640386963018,-0.007823824882507324
Gemma3 1B,fourchip_frontier_fsdp2_tp2,fsdp2/tp2,1,4096,,,1.680458903312683,1.6766406297683716,14.178044669999508,0.322492579000027,7.687943051177013,337.992273614429,5.83,6.95,16.115107913669068,43.96394085706488,0.0038182735443115234
Gemma3 1B,fourchip_frontier_fsdp2_tp2,fsdp2/tp2,4,256,,,1.738515853881836,1.7629128694534302,3.650600825001675,0.1790264779992867,119.43239507699391,2435.393942128142,2.35,2.23,-5.381165919282527,20.391401684259353,-0.02439701557159424
Gemma3 1B,fourchip_frontier_fsdp2_tp2,fsdp2/tp2,4,512,,,1.746538758277893,1.7600927352905271,7.1533114289995865,0.2201761249998526,60.9507924165656,1980.232870390883,3.06,3.41,10.26392961876833,32.48904225653156,-0.013553977012634055
Gemma3 1B,fourchip_frontier_fsdp2_tp2,fsdp2/tp2,4,1024,,,1.75415301322937,1.7629128694534302,14.170142357999794,0.3020645990000048,30.76892165122498,1443.399860306017,5.29,6.12,13.56209150326797,46.91096674324146,-0.00875985622406028
Gemma3 1B,fourchip_frontier_fsdp2_tp2,fsdp2/tp2,4,2048,,,1.7499622106552124,1.7629128694534302,28.216839441000047,0.4887741370002914,15.45176598930059,892.0275583234063,9.05,11.3,19.91150442477876,57.72981282146528,-0.012950658798217773
Gemma3 1B,fourchip_frontier_fsdp2_tp2,fsdp2/tp2,4,4096,,,1.7499622106552124,,54.73185893799928,,7.966109839132352,,15.65,,,,
Gemma3 1B,fourchip_frontier_fsdp2_tp2,fsdp2/tp2,8,256,,,1.7521789073944092,1.7625832557678225,7.1512481499994465,0.2183275650004361,123.61478464428176,4048.961934780128,3.01,3.35,10.149253731343288,32.75467369402101,-0.010404348373413308
Gemma3 1B,fourchip_frontier_fsdp2_tp2,fsdp2/tp2,8,512,,,1.7509061098098757,1.7596476078033447,14.162654730000211,0.3000108100004581,62.41767640691377,2946.560492265762,5.08,5.91,14.043993231810493,47.20714806902653,-0.008741497993469016
Gemma3 1B,fourchip_frontier_fsdp2_tp2,fsdp2/tp2,8,1024,,,1.7439525127410889,1.767737627029419,28.200499918999412,0.4755315979982697,31.34696202333726,1858.972156048433,9.02,10.82,16.635859519408513,59.30310422631899,-0.023785114288330078
Gemma3 1B,fourchip_frontier_fsdp2_tp2,fsdp2/tp2,8,2048,,,1.7513322830200195,,54.65683595500013,,16.173640214516105,,14.92,,,,
Gemma3 1B,fourchip_frontier_fsdp2_tp2,fsdp2/tp2,16,256,,,1.7408469915390017,1.7304894924163818,14.16319751300034,0.2982208489993354,125.39541289103798,5955.318033461697,4.98,5.81,14.285714285714269,47.49231168955563,0.010357499122619851
Gemma3 1B,fourchip_frontier_fsdp2_tp2,fsdp2/tp2,16,512,,,1.731010675430298,1.7229825258255005,28.201077358000475,0.4686483370005589,62.97631744540992,3789.621897234817,9.42,10.93,13.815187557182062,60.17534925759662,0.008028149604797585
Gemma3 1B,fourchip_frontier_fsdp2_tp2,fsdp2/tp2,16,1024,,,1.7326200008392334,,56.298832694999874,,31.545947135734018,,14.73,,,,
Gemma3 1B,fourchip_frontier_fsdp2_tp2,fsdp2/tp2,32,256,,,1.6994322538375854,1.6664388179779053,28.196761638999305,0.4697190379993117,125.97191285566576,7561.9672882094355,9.21,10.72,14.085820895522383,60.02899469244128,0.032993435859680176
Gemma3 1B,fourchip_frontier_fsdp2_tp2,fsdp2/tp2,32,512,,,1.699418306350708,,56.27645779500017,,63.11697891397092,,14.22,,,,
Gemma3 1B,fourchip_frontier_fsdp2_tp2,fsdp2/tp2,64,256,,,1.7172832489013672,,56.27187318000142,,127.23941101261592,,14.29,,,,
Gemma3 1B,fourchip_frontier_fsdp4_tp1,fsdp4/tp1,1,256,,,1.7258341312408447,1.7472002506256104,0.1350573529998655,0.132473366999875,807.0645365018261,822.8068967259121,1.32,1.33,0.7518796992481258,1.0195057018517006,-0.021366119384765625
Gemma3 1B,fourchip_frontier_fsdp4_tp1,fsdp4/tp1,1,512,,,1.7600864171981812,1.7678277492523191,0.1500647430002573,0.138041782000073,726.3531581153151,789.6160019141332,1.81,2.06,12.135922330097081,1.0870965357443585,-0.0077413320541379615
Gemma3 1B,fourchip_frontier_fsdp4_tp1,fsdp4/tp1,1,1024,,,1.7370100021362305,1.7508814334869385,0.1886771970002883,0.1632963910001308,577.7062715206303,667.4979118179817,2.78,3.26,14.723926380368102,1.1554278440858938,-0.013871431350708008
Gemma3 1B,fourchip_frontier_fsdp4_tp1,fsdp4/tp1,1,2048,,,1.7693467140197754,1.76485013961792,0.2718945320002603,0.2223241390001931,400.89073950150504,490.27514731499906,4.37,5.66,22.79151943462897,1.2229645112896363,0.004496574401855469
Gemma3 1B,fourchip_frontier_fsdp4_tp1,fsdp4/tp1,1,4096,,,1.7156379222869873,1.724861979484558,0.4717891299997063,0.3724876430001131,231.03542042197503,292.6271570301914,8.25,11.91,30.730478589420652,1.2665900167849675,-0.0092240571975708
Gemma3 1B,fourchip_frontier_fsdp4_tp1,fsdp4/tp1,4,256,,,1.7812092304229736,1.7970435619354248,0.1851491070001429,0.1593218470002284,2354.8587787661504,2736.5989549404035,1.93,3.05,36.721311475409834,1.1621074603778443,-0.015834331512451172
Gemma3 1B,fourchip_frontier_fsdp4_tp1,fsdp4/tp1,4,512,,,1.7455986738204956,1.7620083093643188,0.2590747409999494,0.5304546180000216,1682.9120365697293,821.9364771370173,3.06,5.4,43.333333333333336,0.488401330120834,-0.016409635543823242
Gemma3 1B,fourchip_frontier_fsdp4_tp1,fsdp4/tp1,4,1024,,,1.7651008367538452,1.7784591913223269,0.4257830380001906,0.3272989070001131,1023.995699894003,1332.1156614795825,5.56,10.27,45.86173320350536,1.3008996635605734,-0.013358354568481667
Gemma3 1B,fourchip_frontier_fsdp4_tp1,fsdp4/tp1,4,2048,,,1.7519094944000244,,0.783813870999893,,556.2545090504778,,11.85,,,,
Gemma3 1B,fourchip_frontier_fsdp4_tp1,fsdp4/tp1,8,256,,,1.7495790719985962,1.76059091091156,0.2593498819996966,0.2174574820000998,3408.522854084175,4065.1624946139777,2.96,5.29,44.045368620037806,1.1926463951218638,-0.011011838912963867
Gemma3 1B,fourchip_frontier_fsdp4_tp1,fsdp4/tp1,8,512,,,1.7756885290145874,1.7929571866989136,0.4229258920004213,0.3257702880000579,2090.200710622653,2713.5685253157367,5.15,9.85,47.71573604060914,1.298233471802518,-0.017268657684326172
Gemma3 1B,quality_4chip_fsdp4_cce_b8_l512,fsdp4/tp1,8,512,1.3906254768371582,,1.036630630493164,,0.3179373499790001,,1303.6199411514417,,5.15,,,,
Gemma3 1B,quality_4chip_fsdp4_default_b8_l512,fsdp4/tp1,8,512,,1.3958916664123535,,1.0290344953536987,,0.2169430340520641,,1910.4990915264923,,9.85,,,
Gemma3 1B,fourchip_frontier_fsdp4_tp1,fsdp4/tp1,8,1024,,,1.7515625953674316,,0.7503713989999596,,1178.08328139656,,10.22,,,,
Gemma3 1B,fourchip_frontier_fsdp4_tp1,fsdp4/tp1,16,256,,,1.735981822013855,1.7234506607055664,0.4201678130002619,0.3218869399997857,4226.882557514925,5517.46523174001,4.95,9.64,48.65145228215768,1.3053273084038193,0.012531161308288574
Gemma3 1B,fourchip_chunk_fsdp4_tp1_b16_l512,fsdp4/tp1,16,512,,,0.5618672370910645,,0.8797738020014853,,2018.7007114324165,,9.5,,,,
Gemma3 1B,fourchip_frontier_fsdp4_tp1,fsdp4/tp1,16,512,,,1.7228806018829346,,0.7393357950004429,,2402.1561136491923,,9.4,,,,
Gemma3 1B,fourchip_frontier_fsdp4_tp1,fsdp4/tp1,32,256,,,1.7015076875686646,,0.7352401090001877,,4831.074850949261,,8.99,,,,
Gemma4 E2B,mesh_probe_fsdp1_tp4,fsdp1/tp4,1,256,,,2.157114028930664,1.6250040531158447,78.12433269300163,76.90837980200013,1.625613885229085,1.6513155045907906,5.9,5.9,0.0,1.015810408360337,0.5321099758148193
Gemma4 E2B,mesh_probe_fsdp2_tp2,fsdp2/tp2,1,256,,,2.136878490447998,,68.67290304599919,,1.8493466034912136,,5.91,,,,
Gemma4 E2B,fourchip_frontier_fsdp4_tp1,fsdp4/tp1,1,256,,,2.118079662322998,1.4842427968978882,0.2253677050002807,0.2180970240001443,563.5235092793878,582.3096421522743,7.17,7.17,0.0,1.0333369106408878,0.6338368654251099
Gemma4 E2B,fourchip_frontier_fsdp4_tp1,fsdp4/tp1,1,512,,,2.281268835067749,1.4551494121551514,0.2712008530002094,0.2569996909996916,468.2876126495882,494.16401827561873,7.2,7.2,0.0,1.0552575061288103,0.8261194229125977
Gemma4 E2B,fourchip_frontier_fsdp4_tp1,fsdp4/tp1,1,1024,,,2.2778117656707764,1.4798753261566162,0.3850438060003398,0.3563198810002177,329.8326009168108,356.4213134655891,8.77,10.75,18.418604651162795,1.0806127486333117,0.7979364395141602
Gemma4 E2B,fourchip_frontier_fsdp4_tp1,fsdp4/tp1,1,2048,,,2.255733013153076,,0.6662169259998336,,190.62860015062375,,15.41,,,,
Gemma4 E2B,fourchip_frontier_fsdp4_tp1,fsdp4/tp1,4,256,,,1.591519474983215,1.367887258529663,0.3796967010002845,0.3507781650000652,1337.909965142466,1448.2087275868655,7.74,9.74,20.533880903490765,1.0824410949302217,0.22363221645355202
Gemma4 E2B,quality_4chip_fsdp4_cce_b4_l256,fsdp4/tp1,4,256,0.8956397771835327,,1.7426035404205322,,0.2250076684795495,,1212.5045544730808,,7.74,,,,
Gemma4 E2B,quality_4chip_fsdp4_default_b4_l256,fsdp4/tp1,4,256,,0.8294121026992798,,1.7619152069091797,,0.1927500854173842,,1415.4225780603297,,9.74,,,
Gemma4 E2B,chunk_fsdp4_b4_l512,fsdp4/tp1,4,512,,,0.9440728425979614,,0.5713057944994944,,892.6918034269148,,12.3,,,,
Gemma4 E2B,fourchip_frontier_fsdp4_tp1,fsdp4/tp1,4,512,,,1.6240284442901611,,0.6064299439995011,,837.6895056495065,,12.3,,,,
Gemma4 E2B,chunk_fsdp4_b8_l256,fsdp4/tp1,8,256,,,1.4574966430664062,,0.5662943090010231,,1818.842223254868,,11.74,,,,
Gemma4 E2B,fourchip_frontier_fsdp4_tp1,fsdp4/tp1,8,256,,,1.6942737102508545,,0.6033106060003774,,1703.9315897578583,,11.74,,,,
