allow_download,backend,benchmark_wall_time_sec,capacity_tokens_per_sec,case_name,cce_enabled,cce_loop_count,chips,chunk_configuration,compile_time_estimate_method,compile_time_sec,dataset_mode,elapsed_sec,enable_gemma4_hf_loader,experiment_id,final_loss,first_step_time_sec,fsdp_degree,global_batch_size,google_tunix_version,hostname,hostname_manifest,jax_version,learning_rate,log_path,lora_alpha,lora_rank,loss_impl,max_inflight,max_steps,mean_loss,measured_step_count,measured_steps,measured_time_sec,median_step_time_sec,mesh_configuration,model_id,model_name,model_path,model_size,model_source,num_examples,p95_step_time_sec,preset,profiler_enabled,profiler_path,repeat_index,returncode,run_dir,run_id,runtime_hbm_headroom_gb,runtime_hbm_limit_gb,runtime_hbm_peak_gb,seed,sequence_length,shape,status,steady_state_mean_step_time_sec,steps_recorded,summary_hostname,summary_mean_step_time_sec_excl_first,summary_tpu_name,summary_tpu_zone,summary_valid_tokens_per_sec_excl_first,timestamp,timestamp_manifest,token_chunk,token_loop_count,tokenizer_path,tokenizer_source,tokens_per_sec,tp_degree,tpu_type,tpu_worker_id,tpu_worker_id_manifest,tunix_accel_version,vocab_chunk,vocab_loop_count,vocab_size,warmup_steps,xla_dir,xla_planned_hbm_gib_per_chip,xla_report_path,source_file,error_message,failure_type,oom_exceeded_gib,oom_limit_gib,oom_used_gib
False,tpu-v5e,47.90116711100001,40561.72059186506,exp0000_fsdp4_tp1_b16_l512_default_ce_r0,False,,4,default_ce,"max(first_step_time - steady_median, 0)",28.953426468000004,synthetic,71.05603285000001,False,0,0.025771303102374077,29.15554920699998,4,16,0.1.7,t1v-n-402a6d5e-w-0,t1v-n-402a6d5e-w-0,0.10.1,0.0002,/tmp/v5e-cce-full/core/runs/exp0000_fsdp4_tp1_b16_l512_default_ce_r0/runner.log,32.0,16,default_ce,1,13,0.9195666576807315,10,10,2.019638190999956,0.20212273899997513,"fsdp=4,tp=1",google/gemma-3-270m-it,Gemma3 270M,gs://gemma-data/checkpoints/gemma3-270m-it,270m,gcs,2048,0.20261238400001957,core,False,,0,0,/tmp/v5e-cce-full/core/runs/exp0000_fsdp4_tp1_b16_l512_default_ce_r0,20260609T171229Z,65.432844288,67.637338112,2.204493824,0,512,b16/L512,success,0.20196381909999558,13,t1v-n-402a6d5e-w-0,0.20772843091666005,,,8636.275699399794,2026-06-09T17:13:40+00:00,2026-06-09T17:12:29+00:00,,,gs://gemma-data/tokenizers/tokenizer_gemma3.model,sentencepiece,8900.604118156327,1,v5litepod-4,,,0.1.0,,,262144,3,/tmp/v5e-cce-full/core/runs/exp0000_fsdp4_tp1_b16_l512_default_ce_r0/xla,11.29,/tmp/v5e-cce-full/core/runs/exp0000_fsdp4_tp1_b16_l512_default_ce_r0/xla/module_0657.jit__train_step.cl_914450892.after_optimizations-memory-usage-report.txt,/private/tmp/v5e-cce-full-local/combined/core/results/shard_0.jsonl,,,,,
False,tpu-v5e,50.00335988899997,21640.04255363234,exp0001_fsdp4_tp1_b16_l512_tc128_vc8192_r0,True,128,4,128/8192,"max(first_step_time - steady_median, 0)",29.13161600099997,synthetic,73.10494588899996,False,1,0.031300198286771774,29.51027203199999,4,16,0.1.7,t1v-n-8132e94c-w-0,t1v-n-8132e94c-w-0,0.10.1,0.0002,/tmp/v5e-cce-full/core/runs/exp0001_fsdp4_tp1_b16_l512_tc128_vc8192_r0/runner.log,32.0,16,cce,1,13,0.9415295571088791,10,10,3.7855748110000604,0.37865603100001977,"fsdp=4,tp=1",google/gemma-3-270m-it,Gemma3 270M,gs://gemma-data/checkpoints/gemma3-270m-it,270m,gcs,2048,0.3789759659999845,core,False,,0,0,/tmp/v5e-cce-full/core/runs/exp0001_fsdp4_tp1_b16_l512_tc128_vc8192_r0,20260609T171229Z,65.461315584,67.637338112,2.176022528,0,512,b16/L512,success,0.37855748110000603,13,t1v-n-8132e94c-w-0,0.3843928314166713,,,4667.100563213556,2026-06-09T17:13:42+00:00,2026-06-09T17:12:29+00:00,128,4,gs://gemma-data/tokenizers/tokenizer_gemma3.model,sentencepiece,4748.5523064464705,1,v5litepod-4,,,0.1.0,8192,32,262144,3,/tmp/v5e-cce-full/core/runs/exp0001_fsdp4_tp1_b16_l512_tc128_vc8192_r0/xla,3.85,/tmp/v5e-cce-full/core/runs/exp0001_fsdp4_tp1_b16_l512_tc128_vc8192_r0/xla/module_0657.jit__train_step.cl_914450892.after_optimizations-memory-usage-report.txt,/private/tmp/v5e-cce-full-local/combined/core/results/shard_1.jsonl,,,,,
False,tpu-v5e,47.43401415699998,23284.306148053718,exp0002_fsdp4_tp1_b16_l512_tc128_vc32768_r0,True,32,4,128/32768,"max(first_step_time - steady_median, 0)",29.092556425000026,synthetic,69.19047926599995,False,2,0.025374963879585266,29.444390136000038,4,16,0.1.7,t1v-n-402a6d5e-w-0,t1v-n-402a6d5e-w-0,0.10.1,0.0002,/tmp/v5e-cce-full/core/runs/exp0002_fsdp4_tp1_b16_l512_tc128_vc32768_r0/runner.log,32.0,16,cce,1,13,0.935454454846107,10,10,3.5182495659999518,0.3518337110000118,"fsdp=4,tp=1",google/gemma-3-270m-it,Gemma3 270M,gs://gemma-data/checkpoints/gemma3-270m-it,270m,gcs,2048,0.35220809600002667,core,False,,0,0,/tmp/v5e-cce-full/core/runs/exp0002_fsdp4_tp1_b16_l512_tc128_vc32768_r0,20260609T171229Z,65.460109312,67.637338112,2.1772288,0,512,b16/L512,success,0.3518249565999952,13,t1v-n-402a6d5e-w-0,0.35755277074999964,,,5017.441191231495,2026-06-09T17:14:49+00:00,2026-06-09T17:12:29+00:00,128,4,gs://gemma-data/tokenizers/tokenizer_gemma3.model,sentencepiece,5109.358976042647,1,v5litepod-4,,,0.1.0,32768,8,262144,3,/tmp/v5e-cce-full/core/runs/exp0002_fsdp4_tp1_b16_l512_tc128_vc32768_r0/xla,3.86,/tmp/v5e-cce-full/core/runs/exp0002_fsdp4_tp1_b16_l512_tc128_vc32768_r0/xla/module_0657.jit__train_step.cl_914450892.after_optimizations-memory-usage-report.txt,/private/tmp/v5e-cce-full-local/combined/core/results/shard_0.jsonl,,,,,
False,tpu-v5e,47.919192909,23781.450950738435,exp0003_fsdp4_tp1_b16_l512_tc256_vc32768_r0,True,16,4,256/32768,"max(first_step_time - steady_median, 0)",29.33543218699998,synthetic,69.15060512600002,False,3,0.03837499022483826,29.679277684,4,16,0.1.7,t1v-n-8132e94c-w-0,t1v-n-8132e94c-w-0,0.10.1,0.0002,/tmp/v5e-cce-full/core/runs/exp0003_fsdp4_tp1_b16_l512_tc256_vc32768_r0/runner.log,32.0,16,cce,1,13,0.9483257790024464,10,10,3.444701510000016,0.343845497000018,"fsdp=4,tp=1",google/gemma-3-270m-it,Gemma3 270M,gs://gemma-data/checkpoints/gemma3-270m-it,270m,gcs,2048,0.34951268200001095,core,False,,0,0,/tmp/v5e-cce-full/core/runs/exp0003_fsdp4_tp1_b16_l512_tc256_vc32768_r0,20260609T171229Z,65.459296256,67.637338112,2.178041856,0,512,b16/L512,success,0.34447015100000156,13,t1v-n-8132e94c-w-0,0.3501893978333375,,,5122.942073916818,2026-06-09T17:14:52+00:00,2026-06-09T17:12:29+00:00,256,2,gs://gemma-data/tokenizers/tokenizer_gemma3.model,sentencepiece,5218.449246709889,1,v5litepod-4,,,0.1.0,32768,8,262144,3,/tmp/v5e-cce-full/core/runs/exp0003_fsdp4_tp1_b16_l512_tc256_vc32768_r0/xla,3.86,/tmp/v5e-cce-full/core/runs/exp0003_fsdp4_tp1_b16_l512_tc256_vc32768_r0/xla/module_0657.jit__train_step.cl_914450892.after_optimizations-memory-usage-report.txt,/private/tmp/v5e-cce-full-local/combined/core/results/shard_1.jsonl,,,,,
False,tpu-v5e,48.58511388800002,24597.577669105583,exp0004_fsdp4_tp1_b16_l512_tc512_vc32768_r0,True,8,4,512/32768,"max(first_step_time - steady_median, 0)",29.326281254000037,synthetic,70.90229677299999,False,4,0.03762257099151611,29.659497319000025,4,16,0.1.7,t1v-n-402a6d5e-w-0,t1v-n-402a6d5e-w-0,0.10.1,0.0002,/tmp/v5e-cce-full/core/runs/exp0004_fsdp4_tp1_b16_l512_tc512_vc32768_r0/runner.log,32.0,16,cce,1,13,0.9472946559007351,10,10,3.3304092419999165,0.3332160649999878,"fsdp=4,tp=1",google/gemma-3-270m-it,Gemma3 270M,gs://gemma-data/checkpoints/gemma3-270m-it,270m,gcs,2048,0.33352193599995417,core,False,,0,0,/tmp/v5e-cce-full/core/runs/exp0004_fsdp4_tp1_b16_l512_tc512_vc32768_r0,20260609T171229Z,65.457045504,67.637338112,2.180292608,0,512,b16/L512,success,0.33304092419999165,13,t1v-n-402a6d5e-w-0,0.3389798152499945,,,5292.3505155519115,2026-06-09T17:16:00+00:00,2026-06-09T17:12:29+00:00,512,1,gs://gemma-data/tokenizers/tokenizer_gemma3.model,sentencepiece,5397.534865476587,1,v5litepod-4,,,0.1.0,32768,8,262144,3,/tmp/v5e-cce-full/core/runs/exp0004_fsdp4_tp1_b16_l512_tc512_vc32768_r0/xla,3.86,/tmp/v5e-cce-full/core/runs/exp0004_fsdp4_tp1_b16_l512_tc512_vc32768_r0/xla/module_0657.jit__train_step.cl_914450892.after_optimizations-memory-usage-report.txt,/private/tmp/v5e-cce-full-local/combined/core/results/shard_0.jsonl,,,,,
False,tpu-v5e,47.398038231999976,23194.381357271726,exp0005_fsdp4_tp1_b16_l512_tc512_vc65536_r0,True,4,4,512/65536,"max(first_step_time - steady_median, 0)",28.609059107500002,synthetic,68.47913166899997,False,5,0.03739805519580841,28.962449994999986,4,16,0.1.7,t1v-n-8132e94c-w-0,t1v-n-8132e94c-w-0,0.10.1,0.0002,/tmp/v5e-cce-full/core/runs/exp0005_fsdp4_tp1_b16_l512_tc512_vc65536_r0/runner.log,32.0,16,cce,1,13,0.954117126762867,10,10,3.5318898460000128,0.3533908874999838,"fsdp=4,tp=1",google/gemma-3-270m-it,Gemma3 270M,gs://gemma-data/checkpoints/gemma3-270m-it,270m,gcs,2048,0.3540989680000166,core,False,,0,0,/tmp/v5e-cce-full/core/runs/exp0005_fsdp4_tp1_b16_l512_tc512_vc65536_r0,20260609T171229Z,65.458352128,67.637338112,2.178985984,0,512,b16/L512,success,0.35318898460000125,13,t1v-n-8132e94c-w-0,0.3588822955833327,,,4998.853446041425,2026-06-09T17:16:00+00:00,2026-06-09T17:12:29+00:00,512,1,gs://gemma-data/tokenizers/tokenizer_gemma3.model,sentencepiece,5089.626456034137,1,v5litepod-4,,,0.1.0,65536,4,262144,3,/tmp/v5e-cce-full/core/runs/exp0005_fsdp4_tp1_b16_l512_tc512_vc65536_r0/xla,3.86,/tmp/v5e-cce-full/core/runs/exp0005_fsdp4_tp1_b16_l512_tc512_vc65536_r0/xla/module_0657.jit__train_step.cl_914450892.after_optimizations-memory-usage-report.txt,/private/tmp/v5e-cce-full-local/combined/core/results/shard_1.jsonl,,,,,
False,tpu-v5e,,,exp0006_fsdp4_tp1_b16_l1024_default_ce_r0,False,,4,default_ce,,,synthetic,60.002064527000016,False,6,,,4,16,,t1v-n-402a6d5e-w-0,t1v-n-402a6d5e-w-0,,0.0002,/tmp/v5e-cce-full/core/runs/exp0006_fsdp4_tp1_b16_l1024_default_ce_r0/runner.log,32.0,16,default_ce,1,13,,0,10,,,"fsdp=4,tp=1",google/gemma-3-270m-it,Gemma3 270M,gs://gemma-data/checkpoints/gemma3-270m-it,270m,gcs,2048,,core,False,,0,1,/tmp/v5e-cce-full/core/runs/exp0006_fsdp4_tp1_b16_l1024_default_ce_r0,20260609T171229Z,,,,0,1024,b16/L1024,failure,,0,,,,,,2026-06-09T17:17:00+00:00,2026-06-09T17:12:29+00:00,,,gs://gemma-data/tokenizers/tokenizer_gemma3.model,sentencepiece,,1,v5litepod-4,,,,,,262144,3,/tmp/v5e-cce-full/core/runs/exp0006_fsdp4_tp1_b16_l1024_default_ce_r0/xla,21.06,/tmp/v5e-cce-full/core/runs/exp0006_fsdp4_tp1_b16_l1024_default_ce_r0/xla/module_0657.jit__train_step.cl_914450892.after_optimizations-memory-usage-report.txt,/private/tmp/v5e-cce-full-local/combined/core/results/shard_0.jsonl,"XLA label: copy-start.15 = copy-start(fusion.254)
Allocation type: HLO temp
==========================
19. Size: 64.00M
Operator: op_name=""jit(_train_step)/jvp(layer_3)/feed_forward/dot_general""
Shape: bf16[16,1024,2048]{2,1,0:T(8,128)(2,1)}
Unpadded size: 64.00M
XLA label: fusion.253 = fusion(get-tuple-element.2018, get-tuple-element.2019, copy-done.1221), kind=kOutput, calls=fused_computation.397
Allocation type: HLO temp
==========================
20. Size: 64.00M
Operator: op_name=""jit(_train_step)/jvp(layer_10)/feed_forward/dot_general""
Shape: bf16[16,1024,2048]{2,1,0:T(8,128)(2,1)}
Unpadded size: 64.00M
XLA label: fusion.239 = fusion(get-tuple-element.1969, get-tuple-element.1970, copy-done.1235), kind=kOutput, calls=fused_computation.369
Allocation type: HLO temp
==========================
See https://openxla.org/xla/errors/error_1000 for more details. [type.googleapis.com/tensorflow.tpu.CompilationResultProto='\x08\x08\x12\xa1\x36Ran out of memory in memory space hbm. Used 20.79G of 15.75G hbm. Exceeded hbm capacity by 5.04G.\n\nTotal hbm usage >= 21.04...[truncated]']
--------------------
For simplicity, JAX has removed its internal frames from the traceback of the following exception. Set JAX_TRACEBACK_FILTERING=off to include these.",compile_oom,5.04,15.75,20.79
False,tpu-v5e,53.08598860900008,20492.290007586187,exp0007_fsdp4_tp1_b16_l1024_tc128_vc8192_r0,True,256,4,128/8192,"max(first_step_time - steady_median, 0)",28.449390199499987,synthetic,74.37610023799994,False,7,0.03410521149635315,29.24797669299994,4,16,0.1.7,t1v-n-8132e94c-w-0,t1v-n-8132e94c-w-0,0.10.1,0.0002,/tmp/v5e-cce-full/core/runs/exp0007_fsdp4_tp1_b16_l1024_tc128_vc8192_r0/runner.log,32.0,16,cce,1,13,0.916504384806523,10,10,7.995202094999968,0.798586493499954,"fsdp=4,tp=1",google/gemma-3-270m-it,Gemma3 270M,gs://gemma-data/checkpoints/gemma3-270m-it,270m,gcs,2048,0.8040944829999717,core,False,,0,0,/tmp/v5e-cce-full/core/runs/exp0007_fsdp4_tp1_b16_l1024_tc128_vc8192_r0,20260609T171229Z,65.291022336,67.637338112,2.346315776,0,1024,b16/L1024,success,0.7995202094999968,13,t1v-n-8132e94c-w-0,0.8045944595,,,2229.694697518608,2026-06-09T17:17:15+00:00,2026-06-09T17:12:29+00:00,128,8,gs://gemma-data/tokenizers/tokenizer_gemma3.model,sentencepiece,2248.348420265926,1,v5litepod-4,,,0.1.0,8192,32,262144,3,/tmp/v5e-cce-full/core/runs/exp0007_fsdp4_tp1_b16_l1024_tc128_vc8192_r0/xla,7.49,/tmp/v5e-cce-full/core/runs/exp0007_fsdp4_tp1_b16_l1024_tc128_vc8192_r0/xla/module_0657.jit__train_step.cl_914450892.after_optimizations-memory-usage-report.txt,/private/tmp/v5e-cce-full-local/combined/core/results/shard_1.jsonl,,,,,
False,tpu-v5e,51.95495717199992,22126.6760251438,exp0008_fsdp4_tp1_b16_l1024_tc128_vc32768_r0,True,64,4,128/32768,"max(first_step_time - steady_median, 0)",28.04636177099991,synthetic,74.15946421399997,False,8,0.022602306678891182,28.78682800499996,4,16,0.1.7,t1v-n-402a6d5e-w-0,t1v-n-402a6d5e-w-0,0.10.1,0.0002,/tmp/v5e-cce-full/core/runs/exp0008_fsdp4_tp1_b16_l1024_tc128_vc32768_r0/runner.log,32.0,16,cce,1,13,0.8905517918845782,10,10,7.404636820000405,0.7404662340000527,"fsdp=4,tp=1",google/gemma-3-270m-it,Gemma3 270M,gs://gemma-data/checkpoints/gemma3-270m-it,270m,gcs,2048,0.7408854940000538,core,False,,0,0,/tmp/v5e-cce-full/core/runs/exp0008_fsdp4_tp1_b16_l1024_tc128_vc32768_r0,20260609T171229Z,65.29053696,67.637338112,2.346801152,0,1024,b16/L1024,success,0.7404636820000405,13,t1v-n-402a6d5e-w-0,0.7461524198333601,,,2404.334492945366,2026-06-09T17:18:15+00:00,2026-06-09T17:12:29+00:00,128,8,gs://gemma-data/tokenizers/tokenizer_gemma3.model,sentencepiece,2427.668018969635,1,v5litepod-4,,,0.1.0,32768,8,262144,3,/tmp/v5e-cce-full/core/runs/exp0008_fsdp4_tp1_b16_l1024_tc128_vc32768_r0/xla,7.49,/tmp/v5e-cce-full/core/runs/exp0008_fsdp4_tp1_b16_l1024_tc128_vc32768_r0/xla/module_0657.jit__train_step.cl_914450892.after_optimizations-memory-usage-report.txt,/private/tmp/v5e-cce-full-local/combined/core/results/shard_0.jsonl,,,,,
False,tpu-v5e,52.45902433800006,23020.65370448691,exp0009_fsdp4_tp1_b16_l1024_tc256_vc32768_r0,True,32,4,256/32768,"max(first_step_time - steady_median, 0)",28.622265556499997,synthetic,75.04839145899996,False,9,0.016781752929091454,29.334070052000015,4,16,0.1.7,t1v-n-8132e94c-w-0,t1v-n-8132e94c-w-0,0.10.1,0.0002,/tmp/v5e-cce-full/core/runs/exp0009_fsdp4_tp1_b16_l1024_tc256_vc32768_r0/runner.log,32.0,16,cce,1,13,0.8552694052744371,10,10,7.11708720799993,0.7118044955000187,"fsdp=4,tp=1",google/gemma-3-270m-it,Gemma3 270M,gs://gemma-data/checkpoints/gemma3-270m-it,270m,gcs,2048,0.7123648159999902,core,False,,0,0,/tmp/v5e-cce-full/core/runs/exp0009_fsdp4_tp1_b16_l1024_tc256_vc32768_r0,20260609T171229Z,65.28514048,67.637338112,2.352197632,0,1024,b16/L1024,success,0.711708720799993,13,t1v-n-8132e94c-w-0,0.7171690970833234,,,2501.502096640907,2026-06-09T17:18:30+00:00,2026-06-09T17:12:29+00:00,256,4,gs://gemma-data/tokenizers/tokenizer_gemma3.model,sentencepiece,2525.752386424907,1,v5litepod-4,,,0.1.0,32768,8,262144,3,/tmp/v5e-cce-full/core/runs/exp0009_fsdp4_tp1_b16_l1024_tc256_vc32768_r0/xla,7.49,/tmp/v5e-cce-full/core/runs/exp0009_fsdp4_tp1_b16_l1024_tc256_vc32768_r0/xla/module_0657.jit__train_step.cl_914450892.after_optimizations-memory-usage-report.txt,/private/tmp/v5e-cce-full-local/combined/core/results/shard_1.jsonl,,,,,
False,tpu-v5e,52.43703576400003,23715.41592829611,exp0010_fsdp4_tp1_b16_l1024_tc512_vc32768_r0,True,16,4,512/32768,"max(first_step_time - steady_median, 0)",28.449068306999948,synthetic,77.13014355600001,False,10,0.027569815516471863,29.139970664999964,4,16,0.1.7,t1v-n-402a6d5e-w-0,t1v-n-402a6d5e-w-0,0.10.1,0.0002,/tmp/v5e-cce-full/core/runs/exp0010_fsdp4_tp1_b16_l1024_tc512_vc32768_r0/runner.log,32.0,16,cce,1,13,0.8976599814800116,10,10,6.908586401999969,0.6909023580000166,"fsdp=4,tp=1",google/gemma-3-270m-it,Gemma3 270M,gs://gemma-data/checkpoints/gemma3-270m-it,270m,gcs,2048,0.6918863670000519,core,False,,0,0,/tmp/v5e-cce-full/core/runs/exp0010_fsdp4_tp1_b16_l1024_tc512_vc32768_r0,20260609T171229Z,65.286221824,67.637338112,2.351116288,0,1024,b16/L1024,success,0.6908586401999969,13,t1v-n-402a6d5e-w-0,0.6963961204166557,,,2576.1200377260075,2026-06-09T17:19:32+00:00,2026-06-09T17:12:29+00:00,512,2,gs://gemma-data/tokenizers/tokenizer_gemma3.model,sentencepiece,2601.979472211004,1,v5litepod-4,,,0.1.0,32768,8,262144,3,/tmp/v5e-cce-full/core/runs/exp0010_fsdp4_tp1_b16_l1024_tc512_vc32768_r0/xla,7.49,/tmp/v5e-cce-full/core/runs/exp0010_fsdp4_tp1_b16_l1024_tc512_vc32768_r0/xla/module_0657.jit__train_step.cl_914450892.after_optimizations-memory-usage-report.txt,/private/tmp/v5e-cce-full-local/combined/core/results/shard_0.jsonl,,,,,
False,tpu-v5e,51.74321500899998,22413.639215589432,exp0011_fsdp4_tp1_b16_l1024_tc512_vc65536_r0,True,8,4,512/65536,"max(first_step_time - steady_median, 0)",28.218868053999927,synthetic,74.43884361099992,False,11,0.02157829888164997,28.94990062399995,4,16,0.1.7,t1v-n-8132e94c-w-0,t1v-n-8132e94c-w-0,0.10.1,0.0002,/tmp/v5e-cce-full/core/runs/exp0011_fsdp4_tp1_b16_l1024_tc512_vc65536_r0/runner.log,32.0,16,cce,1,13,0.8858041936674943,10,10,7.309834802999944,0.7310325700000249,"fsdp=4,tp=1",google/gemma-3-270m-it,Gemma3 270M,gs://gemma-data/checkpoints/gemma3-270m-it,270m,gcs,2048,0.7314275539999926,core,False,,0,0,/tmp/v5e-cce-full/core/runs/exp0011_fsdp4_tp1_b16_l1024_tc512_vc65536_r0,20260609T171229Z,65.284153344,67.637338112,2.353184768,0,1024,b16/L1024,success,0.7309834802999944,13,t1v-n-8132e94c-w-0,0.7363959976666669,,,2436.189231995341,2026-06-09T17:19:44+00:00,2026-06-09T17:12:29+00:00,512,2,gs://gemma-data/tokenizers/tokenizer_gemma3.model,sentencepiece,2459.15270104636,1,v5litepod-4,,,0.1.0,65536,4,262144,3,/tmp/v5e-cce-full/core/runs/exp0011_fsdp4_tp1_b16_l1024_tc512_vc65536_r0/xla,7.51,/tmp/v5e-cce-full/core/runs/exp0011_fsdp4_tp1_b16_l1024_tc512_vc65536_r0/xla/module_0657.jit__train_step.cl_914450892.after_optimizations-memory-usage-report.txt,/private/tmp/v5e-cce-full-local/combined/core/results/shard_1.jsonl,,,,,
False,tpu-v5e,,,exp0012_fsdp4_tp1_b32_l512_default_ce_r0,False,,4,default_ce,,,synthetic,62.88709157200003,False,12,,,4,32,,t1v-n-402a6d5e-w-0,t1v-n-402a6d5e-w-0,,0.0002,/tmp/v5e-cce-full/core/runs/exp0012_fsdp4_tp1_b32_l512_default_ce_r0/runner.log,32.0,16,default_ce,1,13,,0,10,,,"fsdp=4,tp=1",google/gemma-3-270m-it,Gemma3 270M,gs://gemma-data/checkpoints/gemma3-270m-it,270m,gcs,2048,,core,False,,0,1,/tmp/v5e-cce-full/core/runs/exp0012_fsdp4_tp1_b32_l512_default_ce_r0,20260609T171229Z,,,,0,512,b32/L512,failure,,0,,,,,,2026-06-09T17:20:35+00:00,2026-06-09T17:12:29+00:00,,,gs://gemma-data/tokenizers/tokenizer_gemma3.model,sentencepiece,,1,v5litepod-4,,,,,,262144,3,/tmp/v5e-cce-full/core/runs/exp0012_fsdp4_tp1_b32_l512_default_ce_r0/xla,21.06,/tmp/v5e-cce-full/core/runs/exp0012_fsdp4_tp1_b32_l512_default_ce_r0/xla/module_0657.jit__train_step.cl_914450892.after_optimizations-memory-usage-report.txt,/private/tmp/v5e-cce-full-local/combined/core/results/shard_0.jsonl,"Unpadded size: 64.00M
XLA label: copy-start.14 = copy-start(fusion.128)
Allocation type: HLO temp
==========================
19. Size: 64.00M
Operator: op_name=""jit(_train_step)/jvp(layer_11)/feed_forward/dot_general""
Shape: bf16[32,512,2048]{2,1,0:T(8,128)(2,1)}
Unpadded size: 64.00M
XLA label: fusion.129 = fusion(get-tuple-element.1962, get-tuple-element.1963, copy-done.1336), kind=kOutput, calls=fused_computation.227
Allocation type: HLO temp
==========================
20. Size: 64.00M
Shape: bf16[32,512,2048]{2,1,0:T(8,128)(2,1)}
Unpadded size: 64.00M
XLA label: copy-start.13 = copy-start(fusion.130)
Allocation type: HLO temp
==========================
See https://openxla.org/xla/errors/error_1000 for more details. [type.googleapis.com/tensorflow.tpu.CompilationResultProto='\x08\x08\x12\xe3\x34Ran out of memory in memory space hbm. Used 20.79G of 15.75G hbm. Exceeded hbm capacity by 5.04G.\n\nTotal hbm usage >= 21.04...[truncated]']
--------------------
For simplicity, JAX has removed its internal frames from the traceback of the following exception. Set JAX_TRACEBACK_FILTERING=off to include these.",compile_oom,5.04,15.75,20.79
False,tpu-v5e,52.567854624000006,21094.238704407013,exp0013_fsdp4_tp1_b32_l512_tc128_vc8192_r0,True,128,4,128/8192,"max(first_step_time - steady_median, 0)",28.278114442999993,synthetic,77.70910401499998,False,13,0.029982473701238632,29.054903170999978,4,32,0.1.7,t1v-n-8132e94c-w-0,t1v-n-8132e94c-w-0,0.10.1,0.0002,/tmp/v5e-cce-full/core/runs/exp0013_fsdp4_tp1_b32_l512_tc128_vc8192_r0/runner.log,32.0,16,cce,1,13,0.9284857184841082,10,10,7.7670496809998895,0.7767887279999854,"fsdp=4,tp=1",google/gemma-3-270m-it,Gemma3 270M,gs://gemma-data/checkpoints/gemma3-270m-it,270m,gcs,2048,0.7770174930000167,core,False,,0,0,/tmp/v5e-cce-full/core/runs/exp0013_fsdp4_tp1_b32_l512_tc128_vc8192_r0,20260609T171229Z,65.211099136,67.637338112,2.426238976,0,512,b32/L512,success,0.7767049680999889,13,t1v-n-8132e94c-w-0,0.7820691072499907,,,4609.140846058793,2026-06-09T17:21:02+00:00,2026-06-09T17:12:29+00:00,128,4,gs://gemma-data/tokenizers/tokenizer_gemma3.model,sentencepiece,4654.53440943434,1,v5litepod-4,,,0.1.0,8192,32,262144,3,/tmp/v5e-cce-full/core/runs/exp0013_fsdp4_tp1_b32_l512_tc128_vc8192_r0/xla,6.29,/tmp/v5e-cce-full/core/runs/exp0013_fsdp4_tp1_b32_l512_tc128_vc8192_r0/xla/module_0657.jit__train_step.cl_914450892.after_optimizations-memory-usage-report.txt,/private/tmp/v5e-cce-full-local/combined/core/results/shard_1.jsonl,,,,,
False,tpu-v5e,52.225573919,22797.0530375321,exp0014_fsdp4_tp1_b32_l512_tc128_vc32768_r0,True,32,4,128/32768,"max(first_step_time - steady_median, 0)",28.184891816000004,synthetic,77.96740251200004,False,14,0.03161939978599548,28.903657221000003,4,32,0.1.7,t1v-n-402a6d5e-w-0,t1v-n-402a6d5e-w-0,0.10.1,0.0002,/tmp/v5e-cce-full/core/runs/exp0014_fsdp4_tp1_b32_l512_tc128_vc32768_r0/runner.log,32.0,16,cce,1,13,0.9357487800029608,10,10,7.18689383800006,0.7187654049999992,"fsdp=4,tp=1",google/gemma-3-270m-it,Gemma3 270M,gs://gemma-data/checkpoints/gemma3-270m-it,270m,gcs,2048,0.7190279750000172,core,False,,0,0,/tmp/v5e-cce-full/core/runs/exp0014_fsdp4_tp1_b32_l512_tc128_vc32768_r0,20260609T171229Z,65.210615808,67.637338112,2.426722304,0,512,b32/L512,success,0.718689383800006,13,t1v-n-402a6d5e-w-0,0.7241474946666718,,,4977.807274367372,2026-06-09T17:21:53+00:00,2026-06-09T17:12:29+00:00,128,4,gs://gemma-data/tokenizers/tokenizer_gemma3.model,sentencepiece,5030.267708818728,1,v5litepod-4,,,0.1.0,32768,8,262144,3,/tmp/v5e-cce-full/core/runs/exp0014_fsdp4_tp1_b32_l512_tc128_vc32768_r0/xla,6.29,/tmp/v5e-cce-full/core/runs/exp0014_fsdp4_tp1_b32_l512_tc128_vc32768_r0/xla/module_0657.jit__train_step.cl_914450892.after_optimizations-memory-usage-report.txt,/private/tmp/v5e-cce-full-local/combined/core/results/shard_0.jsonl,,,,,
False,tpu-v5e,50.978427286000056,23737.838313384982,exp0015_fsdp4_tp1_b32_l512_tc256_vc32768_r0,True,16,4,256/32768,"max(first_step_time - steady_median, 0)",28.187968258500007,synthetic,73.80041781400007,False,15,0.03523888811469078,28.878244172999985,4,32,0.1.7,t1v-n-8132e94c-w-0,t1v-n-8132e94c-w-0,0.10.1,0.0002,/tmp/v5e-cce-full/core/runs/exp0015_fsdp4_tp1_b32_l512_tc256_vc32768_r0/runner.log,32.0,16,cce,1,13,0.947236527617161,10,10,6.9020606610002915,0.6902759144999777,"fsdp=4,tp=1",google/gemma-3-270m-it,Gemma3 270M,gs://gemma-data/checkpoints/gemma3-270m-it,270m,gcs,2048,0.6907454140000482,core,False,,0,0,/tmp/v5e-cce-full/core/runs/exp0015_fsdp4_tp1_b32_l512_tc256_vc32768_r0,20260609T171229Z,65.205213184,67.637338112,2.432124928,0,512,b32/L512,success,0.6902060661000291,13,t1v-n-8132e94c-w-0,0.6958457924167002,,,5180.2665273688235,2026-06-09T17:22:16+00:00,2026-06-09T17:12:29+00:00,256,2,gs://gemma-data/tokenizers/tokenizer_gemma3.model,sentencepiece,5237.856022372399,1,v5litepod-4,,,0.1.0,32768,8,262144,3,/tmp/v5e-cce-full/core/runs/exp0015_fsdp4_tp1_b32_l512_tc256_vc32768_r0/xla,6.29,/tmp/v5e-cce-full/core/runs/exp0015_fsdp4_tp1_b32_l512_tc256_vc32768_r0/xla/module_0657.jit__train_step.cl_914450892.after_optimizations-memory-usage-report.txt,/private/tmp/v5e-cce-full-local/combined/core/results/shard_1.jsonl,,,,,
False,tpu-v5e,51.289562896999996,24465.985862631165,exp0016_fsdp4_tp1_b32_l512_tc512_vc32768_r0,True,8,4,512/32768,"max(first_step_time - steady_median, 0)",28.54225548700009,synthetic,77.24747925100007,False,16,0.037468913942575455,29.211227267000027,4,32,0.1.7,t1v-n-402a6d5e-w-0,t1v-n-402a6d5e-w-0,0.10.1,0.0002,/tmp/v5e-cce-full/core/runs/exp0016_fsdp4_tp1_b32_l512_tc512_vc32768_r0/runner.log,32.0,16,cce,1,13,0.959984423735967,10,10,6.696644104999905,0.6689717799999357,"fsdp=4,tp=1",google/gemma-3-270m-it,Gemma3 270M,gs://gemma-data/checkpoints/gemma3-270m-it,270m,gcs,2048,0.6742355349999798,core,False,,0,0,/tmp/v5e-cce-full/core/runs/exp0016_fsdp4_tp1_b32_l512_tc512_vc32768_r0,20260609T171229Z,65.206294528,67.637338112,2.431043584,0,512,b32/L512,success,0.6696644104999905,13,t1v-n-402a6d5e-w-0,0.6753381275833306,,,5337.573164372959,2026-06-09T17:23:10+00:00,2026-06-09T17:12:29+00:00,512,1,gs://gemma-data/tokenizers/tokenizer_gemma3.model,sentencepiece,5398.52490787257,1,v5litepod-4,,,0.1.0,32768,8,262144,3,/tmp/v5e-cce-full/core/runs/exp0016_fsdp4_tp1_b32_l512_tc512_vc32768_r0/xla,6.29,/tmp/v5e-cce-full/core/runs/exp0016_fsdp4_tp1_b32_l512_tc512_vc32768_r0/xla/module_0657.jit__train_step.cl_914450892.after_optimizations-memory-usage-report.txt,/private/tmp/v5e-cce-full-local/combined/core/results/shard_0.jsonl,,,,,
False,tpu-v5e,52.60266147800007,23099.770832803675,exp0017_fsdp4_tp1_b32_l512_tc512_vc65536_r0,True,4,4,512/65536,"max(first_step_time - steady_median, 0)",28.214173131500047,synthetic,76.46347526399995,False,17,0.033542778342962265,28.92354513600003,4,32,0.1.7,t1v-n-8132e94c-w-0,t1v-n-8132e94c-w-0,0.10.1,0.0002,/tmp/v5e-cce-full/core/runs/exp0017_fsdp4_tp1_b32_l512_tc512_vc65536_r0/runner.log,32.0,16,cce,1,13,0.9504838918264096,10,10,7.092711057000315,0.7093720044999827,"fsdp=4,tp=1",google/gemma-3-270m-it,Gemma3 270M,gs://gemma-data/checkpoints/gemma3-270m-it,270m,gcs,2048,0.7101066049999645,core,False,,0,0,/tmp/v5e-cce-full/core/runs/exp0017_fsdp4_tp1_b32_l512_tc512_vc65536_r0,20260609T171229Z,65.204211712,67.637338112,2.4331264,0,512,b32/L512,success,0.7092711057000315,13,t1v-n-8132e94c-w-0,0.7148202175000241,,,5042.759813472323,2026-06-09T17:23:32+00:00,2026-06-09T17:12:29+00:00,512,1,gs://gemma-data/tokenizers/tokenizer_gemma3.model,sentencepiece,5097.063691085928,1,v5litepod-4,,,0.1.0,65536,4,262144,3,/tmp/v5e-cce-full/core/runs/exp0017_fsdp4_tp1_b32_l512_tc512_vc65536_r0/xla,6.36,/tmp/v5e-cce-full/core/runs/exp0017_fsdp4_tp1_b32_l512_tc512_vc65536_r0/xla/module_0657.jit__train_step.cl_914450892.after_optimizations-memory-usage-report.txt,/private/tmp/v5e-cce-full-local/combined/core/results/shard_1.jsonl,,,,,
False,tpu-v5e,46.11932225999999,56252.05356989354,exp0018_fsdp2_tp2_b16_l512_default_ce_r0,False,,4,default_ce,"max(first_step_time - steady_median, 0)",30.168311684999992,synthetic,72.309466993,False,18,0.03706550598144531,30.314007177999997,2,16,0.1.7,t1v-n-402a6d5e-w-0,t1v-n-402a6d5e-w-0,0.10.1,0.0002,/tmp/v5e-cce-full/core/runs/exp0018_fsdp2_tp2_b16_l512_default_ce_r0/runner.log,32.0,16,default_ce,1,13,0.9290394682723743,10,10,1.4563023890001432,0.14569549300000517,"fsdp=2,tp=2",google/gemma-3-270m-it,Gemma3 270M,gs://gemma-data/checkpoints/gemma3-270m-it,270m,gcs,2048,0.14607185800002753,core,False,,0,0,/tmp/v5e-cce-full/core/runs/exp0018_fsdp2_tp2_b16_l512_default_ce_r0,20260609T171229Z,65.351960576,67.637338112,2.285377536,0,512,b16/L512,success,0.1456302389000143,13,t1v-n-402a6d5e-w-0,0.1529841875833521,,,11726.702140523867,2026-06-09T17:24:23+00:00,2026-06-09T17:12:29+00:00,,,gs://gemma-data/tokenizers/tokenizer_gemma3.model,sentencepiece,12343.590270659257,2,v5litepod-4,,,0.1.0,,,262144,3,/tmp/v5e-cce-full/core/runs/exp0018_fsdp2_tp2_b16_l512_default_ce_r0/xla,6.23,/tmp/v5e-cce-full/core/runs/exp0018_fsdp2_tp2_b16_l512_default_ce_r0/xla/module_0677.jit__train_step.cl_914450892.after_optimizations-memory-usage-report.txt,/private/tmp/v5e-cce-full-local/combined/core/results/shard_0.jsonl,,,,,
False,tpu-v5e,246.7198595860001,533.3302513060034,exp0019_fsdp2_tp2_b16_l512_tc128_vc8192_r0,True,128,4,128/8192,"max(first_step_time - steady_median, 0)",17.96829999249985,synthetic,271.3257950860001,False,19,0.03398532792925835,33.328292495999904,2,16,0.1.7,t1v-n-8132e94c-w-0,t1v-n-8132e94c-w-0,0.10.1,0.0002,/tmp/v5e-cce-full/core/runs/exp0019_fsdp2_tp2_b16_l512_tc128_vc8192_r0/runner.log,32.0,16,cce,1,13,0.9456801374371235,10,10,153.60088762900045,15.359992503500052,"fsdp=2,tp=2",google/gemma-3-270m-it,Gemma3 270M,gs://gemma-data/checkpoints/gemma3-270m-it,270m,gcs,2048,15.362734719999935,core,False,,0,0,/tmp/v5e-cce-full/core/runs/exp0019_fsdp2_tp2_b16_l512_tc128_vc8192_r0,20260609T171229Z,65.349801984,67.637338112,2.287536128,0,512,b16/L512,success,15.360088762900045,13,t1v-n-8132e94c-w-0,15.36733789541671,,,116.74110455624577,2026-06-09T17:28:04+00:00,2026-06-09T17:12:29+00:00,128,4,gs://gemma-data/tokenizers/tokenizer_gemma3.model,sentencepiece,117.03057369966696,2,v5litepod-4,,,0.1.0,8192,32,262144,3,/tmp/v5e-cce-full/core/runs/exp0019_fsdp2_tp2_b16_l512_tc128_vc8192_r0/xla,2.65,/tmp/v5e-cce-full/core/runs/exp0019_fsdp2_tp2_b16_l512_tc128_vc8192_r0/xla/module_0677.jit__train_step.cl_914450892.after_optimizations-memory-usage-report.txt,/private/tmp/v5e-cce-full-local/combined/core/results/shard_1.jsonl,,,,,
False,tpu-v5e,99.60199352400014,2010.6135000955549,exp0020_fsdp2_tp2_b16_l512_tc128_vc32768_r0,True,32,4,128/32768,"max(first_step_time - steady_median, 0)",29.032099344500125,synthetic,126.53701932900003,False,20,0.032963283360004425,33.10666497600005,2,16,0.1.7,t1v-n-402a6d5e-w-0,t1v-n-402a6d5e-w-0,0.10.1,0.0002,/tmp/v5e-cce-full/core/runs/exp0020_fsdp2_tp2_b16_l512_tc128_vc32768_r0/runner.log,32.0,16,cce,1,13,0.9245075540473828,10,10,40.7437829280002,4.074565631499922,"fsdp=2,tp=2",google/gemma-3-270m-it,Gemma3 270M,gs://gemma-data/checkpoints/gemma3-270m-it,270m,gcs,2048,4.07618173700007,core,False,,0,0,/tmp/v5e-cce-full/core/runs/exp0020_fsdp2_tp2_b16_l512_tc128_vc32768_r0,20260609T171229Z,65.349322752,67.637338112,2.28801536,0,512,b16/L512,success,4.07437829280002,13,t1v-n-402a6d5e-w-0,4.081638340916697,,,439.5293875049901,2026-06-09T17:26:29+00:00,2026-06-09T17:12:29+00:00,128,4,gs://gemma-data/tokenizers/tokenizer_gemma3.model,sentencepiece,441.19614596823357,2,v5litepod-4,,,0.1.0,32768,8,262144,3,/tmp/v5e-cce-full/core/runs/exp0020_fsdp2_tp2_b16_l512_tc128_vc32768_r0/xla,2.65,/tmp/v5e-cce-full/core/runs/exp0020_fsdp2_tp2_b16_l512_tc128_vc32768_r0/xla/module_0677.jit__train_step.cl_914450892.after_optimizations-memory-usage-report.txt,/private/tmp/v5e-cce-full-local/combined/core/results/shard_0.jsonl,,,,,
False,tpu-v5e,74.72780332499997,3738.0154602587972,exp0021_fsdp2_tp2_b16_l512_tc256_vc32768_r0,True,16,4,256/32768,"max(first_step_time - steady_median, 0)",29.823540451500094,synthetic,99.41936497099982,False,21,0.032963283360004425,32.01507863100005,2,16,0.1.7,t1v-n-8132e94c-w-0,t1v-n-8132e94c-w-0,0.10.1,0.0002,/tmp/v5e-cce-full/core/runs/exp0021_fsdp2_tp2_b16_l512_tc256_vc32768_r0/runner.log,32.0,16,cce,1,13,0.9245075540473828,10,10,21.91537217300015,2.1915381794999576,"fsdp=2,tp=2",google/gemma-3-270m-it,Gemma3 270M,gs://gemma-data/checkpoints/gemma3-270m-it,270m,gcs,2048,2.1921321150000495,core,False,,0,0,/tmp/v5e-cce-full/core/runs/exp0021_fsdp2_tp2_b16_l512_tc256_vc32768_r0,20260609T171229Z,65.346881536,67.637338112,2.290456576,0,512,b16/L512,success,2.191537217300015,13,t1v-n-8132e94c-w-0,2.1986412257500283,,,815.9585015458846,2026-06-09T17:29:43+00:00,2026-06-09T17:12:29+00:00,256,2,gs://gemma-data/tokenizers/tokenizer_gemma3.model,sentencepiece,820.2461659376482,2,v5litepod-4,,,0.1.0,32768,8,262144,3,/tmp/v5e-cce-full/core/runs/exp0021_fsdp2_tp2_b16_l512_tc256_vc32768_r0/xla,2.65,/tmp/v5e-cce-full/core/runs/exp0021_fsdp2_tp2_b16_l512_tc256_vc32768_r0/xla/module_0677.jit__train_step.cl_914450892.after_optimizations-memory-usage-report.txt,/private/tmp/v5e-cce-full-local/combined/core/results/shard_1.jsonl,,,,,
False,tpu-v5e,61.770226069000046,6505.851260254875,exp0022_fsdp2_tp2_b16_l512_tc512_vc32768_r0,True,8,4,512/32768,"max(first_step_time - steady_median, 0)",29.90131655050004,synthetic,87.78088948200002,False,22,0.032963283360004425,31.16054764499995,2,16,0.1.7,t1v-n-402a6d5e-w-0,t1v-n-402a6d5e-w-0,0.10.1,0.0002,/tmp/v5e-cce-full/core/runs/exp0022_fsdp2_tp2_b16_l512_tc512_vc32768_r0/runner.log,32.0,16,cce,1,13,0.9245075540473828,10,10,12.59174191399984,1.2592310944999099,"fsdp=2,tp=2",google/gemma-3-270m-it,Gemma3 270M,gs://gemma-data/checkpoints/gemma3-270m-it,270m,gcs,2048,1.2593997339999987,core,False,,0,0,/tmp/v5e-cce-full/core/runs/exp0022_fsdp2_tp2_b16_l512_tc512_vc32768_r0,20260609T171229Z,65.344260096,67.637338112,2.293078016,0,512,b16/L512,success,1.259174191399984,13,t1v-n-402a6d5e-w-0,1.266271975499971,,,1416.7572486089828,2026-06-09T17:27:57+00:00,2026-06-09T17:12:29+00:00,512,1,gs://gemma-data/tokenizers/tokenizer_gemma3.model,sentencepiece,1427.6023224406938,2,v5litepod-4,,,0.1.0,32768,8,262144,3,/tmp/v5e-cce-full/core/runs/exp0022_fsdp2_tp2_b16_l512_tc512_vc32768_r0/xla,2.65,/tmp/v5e-cce-full/core/runs/exp0022_fsdp2_tp2_b16_l512_tc512_vc32768_r0/xla/module_0677.jit__train_step.cl_914450892.after_optimizations-memory-usage-report.txt,/private/tmp/v5e-cce-full-local/combined/core/results/shard_0.jsonl,,,,,
False,tpu-v5e,55.76236227300001,10001.206510294738,exp0023_fsdp2_tp2_b16_l512_tc512_vc65536_r0,True,4,4,512/65536,"max(first_step_time - steady_median, 0)",30.384685696999668,synthetic,80.83461330400019,False,23,0.035890333354473114,31.203657258999783,2,16,0.1.7,t1v-n-8132e94c-w-0,t1v-n-8132e94c-w-0,0.10.1,0.0002,/tmp/v5e-cce-full/core/runs/exp0023_fsdp2_tp2_b16_l512_tc512_vc65536_r0/runner.log,32.0,16,cce,1,13,0.9266579274374706,10,10,8.191011746000413,0.8189715620001152,"fsdp=2,tp=2",google/gemma-3-270m-it,Gemma3 270M,gs://gemma-data/checkpoints/gemma3-270m-it,270m,gcs,2048,0.8210635969999203,core,False,,0,0,/tmp/v5e-cce-full/core/runs/exp0023_fsdp2_tp2_b16_l512_tc512_vc65536_r0,20260609T171229Z,65.34564864,67.637338112,2.291689472,0,512,b16/L512,success,0.8191011746000413,13,t1v-n-8132e94c-w-0,0.8262172020833608,,,2171.341864435056,2026-06-09T17:31:04+00:00,2026-06-09T17:12:29+00:00,512,1,gs://gemma-data/tokenizers/tokenizer_gemma3.model,sentencepiece,2194.6006863898706,2,v5litepod-4,,,0.1.0,65536,4,262144,3,/tmp/v5e-cce-full/core/runs/exp0023_fsdp2_tp2_b16_l512_tc512_vc65536_r0/xla,2.65,/tmp/v5e-cce-full/core/runs/exp0023_fsdp2_tp2_b16_l512_tc512_vc65536_r0/xla/module_0677.jit__train_step.cl_914450892.after_optimizations-memory-usage-report.txt,/private/tmp/v5e-cce-full-local/combined/core/results/shard_1.jsonl,,,,,
False,tpu-v5e,50.16101896300006,53510.919702038314,exp0024_fsdp2_tp2_b16_l1024_default_ce_r0,False,,4,default_ce,"max(first_step_time - steady_median, 0)",31.944149724000226,synthetic,78.74524796500009,False,24,0.03419163450598717,32.25042513000017,2,16,0.1.7,t1v-n-402a6d5e-w-0,t1v-n-402a6d5e-w-0,0.10.1,0.0002,/tmp/v5e-cce-full/core/runs/exp0024_fsdp2_tp2_b16_l1024_default_ce_r0/runner.log,32.0,16,default_ce,1,13,0.9236655518985711,10,10,3.061804972000118,0.30627540599994063,"fsdp=2,tp=2",google/gemma-3-270m-it,Gemma3 270M,gs://gemma-data/checkpoints/gemma3-270m-it,270m,gcs,2048,0.30655322100005833,core,False,,0,0,/tmp/v5e-cce-full/core/runs/exp0024_fsdp2_tp2_b16_l1024_default_ce_r0,20260609T171229Z,65.104467968,67.637338112,2.532870144,0,1024,b16/L1024,success,0.30618049720001184,13,t1v-n-402a6d5e-w-0,0.31359737249999853,,,5720.711196328689,2026-06-09T17:29:16+00:00,2026-06-09T17:12:29+00:00,,,gs://gemma-data/tokenizers/tokenizer_gemma3.model,sentencepiece,5871.046707542973,2,v5litepod-4,,,0.1.0,,,262144,3,/tmp/v5e-cce-full/core/runs/exp0024_fsdp2_tp2_b16_l1024_default_ce_r0/xla,12.66,/tmp/v5e-cce-full/core/runs/exp0024_fsdp2_tp2_b16_l1024_default_ce_r0/xla/module_0677.jit__train_step.cl_914450892.after_optimizations-memory-usage-report.txt,/private/tmp/v5e-cce-full-local/combined/core/results/shard_0.jsonl,,,,,
False,tpu-v5e,446.55955363499993,533.0269408207628,exp0025_fsdp2_tp2_b16_l1024_tc128_vc8192_r0,True,256,4,128/8192,"max(first_step_time - steady_median, 0)",2.4689317779999556,synthetic,471.43249529399986,False,25,0.04481125995516777,33.20709786900011,2,16,0.1.7,t1v-n-8132e94c-w-0,t1v-n-8132e94c-w-0,0.10.1,0.0002,/tmp/v5e-cce-full/core/runs/exp0025_fsdp2_tp2_b16_l1024_tc128_vc8192_r0/runner.log,32.0,16,cce,1,13,0.9500462590501859,10,10,307.3765835320007,30.738166091000153,"fsdp=2,tp=2",google/gemma-3-270m-it,Gemma3 270M,gs://gemma-data/checkpoints/gemma3-270m-it,270m,gcs,2048,30.73928831300009,core,False,,0,0,/tmp/v5e-cce-full/core/runs/exp0025_fsdp2_tp2_b16_l1024_tc128_vc8192_r0,20260609T171229Z,65.144270848,67.637338112,2.493067264,0,1024,b16/L1024,success,30.73765835320007,13,t1v-n-8132e94c-w-0,30.74505939041673,,,58.35083865732234,2026-06-09T17:38:56+00:00,2026-06-09T17:12:29+00:00,128,8,gs://gemma-data/tokenizers/tokenizer_gemma3.model,sentencepiece,58.48200859493428,2,v5litepod-4,,,0.1.0,8192,32,262144,3,/tmp/v5e-cce-full/core/runs/exp0025_fsdp2_tp2_b16_l1024_tc128_vc8192_r0/xla,5.13,/tmp/v5e-cce-full/core/runs/exp0025_fsdp2_tp2_b16_l1024_tc128_vc8192_r0/xla/module_0677.jit__train_step.cl_914450892.after_optimizations-memory-usage-report.txt,/private/tmp/v5e-cce-full-local/combined/core/results/shard_1.jsonl,,,,,
False,tpu-v5e,153.44295594899995,2006.7393770598653,exp0026_fsdp2_tp2_b16_l1024_tc128_vc32768_r0,True,64,4,128/32768,"max(first_step_time - steady_median, 0)",24.97361516849992,synthetic,180.382312556,False,26,0.028817730024456978,33.13823052199996,2,16,0.1.7,t1v-n-402a6d5e-w-0,t1v-n-402a6d5e-w-0,0.10.1,0.0002,/tmp/v5e-cce-full/core/runs/exp0026_fsdp2_tp2_b16_l1024_tc128_vc32768_r0/runner.log,32.0,16,cce,1,13,0.9285185507570322,10,10,81.64488217700045,8.16461535350004,"fsdp=2,tp=2",google/gemma-3-270m-it,Gemma3 270M,gs://gemma-data/checkpoints/gemma3-270m-it,270m,gcs,2048,8.1668545,core,False,,0,0,/tmp/v5e-cce-full/core/runs/exp0026_fsdp2_tp2_b16_l1024_tc128_vc32768_r0,20260609T171229Z,65.143730176,67.637338112,2.493607936,0,1024,b16/L1024,success,8.164488217700045,13,t1v-n-402a6d5e-w-0,8.171690388833383,,,219.53842040460825,2026-06-09T17:32:16+00:00,2026-06-09T17:12:29+00:00,128,8,gs://gemma-data/tokenizers/tokenizer_gemma3.model,sentencepiece,220.1730166139413,2,v5litepod-4,,,0.1.0,32768,8,262144,3,/tmp/v5e-cce-full/core/runs/exp0026_fsdp2_tp2_b16_l1024_tc128_vc32768_r0/xla,5.13,/tmp/v5e-cce-full/core/runs/exp0026_fsdp2_tp2_b16_l1024_tc128_vc32768_r0/xla/module_0677.jit__train_step.cl_914450892.after_optimizations-memory-usage-report.txt,/private/tmp/v5e-cce-full-local/combined/core/results/shard_0.jsonl,,,,,
False,tpu-v5e,104.62248559199998,3726.5758090540016,exp0027_fsdp2_tp2_b16_l1024_tc256_vc32768_r0,True,32,4,256/32768,"max(first_step_time - steady_median, 0)",28.699914190500067,synthetic,129.7899134170002,False,27,0.028817730024456978,33.096345918,2,16,0.1.7,t1v-n-8132e94c-w-0,t1v-n-8132e94c-w-0,0.10.1,0.0002,/tmp/v5e-cce-full/core/runs/exp0027_fsdp2_tp2_b16_l1024_tc256_vc32768_r0/runner.log,32.0,16,cce,1,13,0.9285185507570322,10,10,43.96529371600013,4.39643172749993,"fsdp=2,tp=2",google/gemma-3-270m-it,Gemma3 270M,gs://gemma-data/checkpoints/gemma3-270m-it,270m,gcs,2048,4.399128922000045,core,False,,0,0,/tmp/v5e-cce-full/core/runs/exp0027_fsdp2_tp2_b16_l1024_tc256_vc32768_r0,20260609T171229Z,65.13949696,67.637338112,2.497841152,0,1024,b16/L1024,success,4.396529371600013,13,t1v-n-8132e94c-w-0,4.403711222666705,,,407.38366102798807,2026-06-09T17:41:06+00:00,2026-06-09T17:12:29+00:00,256,4,gs://gemma-data/tokenizers/tokenizer_gemma3.model,sentencepiece,408.8679610812667,2,v5litepod-4,,,0.1.0,32768,8,262144,3,/tmp/v5e-cce-full/core/runs/exp0027_fsdp2_tp2_b16_l1024_tc256_vc32768_r0/xla,5.13,/tmp/v5e-cce-full/core/runs/exp0027_fsdp2_tp2_b16_l1024_tc256_vc32768_r0/xla/module_0677.jit__train_step.cl_914450892.after_optimizations-memory-usage-report.txt,/private/tmp/v5e-cce-full-local/combined/core/results/shard_1.jsonl,,,,,
False,tpu-v5e,80.40659910199997,6469.811093719226,exp0028_fsdp2_tp2_b16_l1024_tc512_vc32768_r0,True,16,4,512/32768,"max(first_step_time - steady_median, 0)",30.715191660000187,synthetic,107.12008602200012,False,28,0.028817730024456978,33.24746846200014,2,16,0.1.7,t1v-n-402a6d5e-w-0,t1v-n-402a6d5e-w-0,0.10.1,0.0002,/tmp/v5e-cce-full/core/runs/exp0028_fsdp2_tp2_b16_l1024_tc512_vc32768_r0/runner.log,32.0,16,cce,1,13,0.9285185507570322,10,10,25.32376875099999,2.5322768019999558,"fsdp=2,tp=2",google/gemma-3-270m-it,Gemma3 270M,gs://gemma-data/checkpoints/gemma3-270m-it,270m,gcs,2048,2.5344647860001714,core,False,,0,0,/tmp/v5e-cce-full/core/runs/exp0028_fsdp2_tp2_b16_l1024_tc512_vc32768_r0,20260609T171229Z,65.13688576,67.637338112,2.500452352,0,1024,b16/L1024,success,2.532376875099999,13,t1v-n-402a6d5e-w-0,2.539725053833346,,,706.375675308718,2026-06-09T17:34:04+00:00,2026-06-09T17:12:29+00:00,512,2,gs://gemma-data/tokenizers/tokenizer_gemma3.model,sentencepiece,709.846949589214,2,v5litepod-4,,,0.1.0,32768,8,262144,3,/tmp/v5e-cce-full/core/runs/exp0028_fsdp2_tp2_b16_l1024_tc512_vc32768_r0/xla,5.13,/tmp/v5e-cce-full/core/runs/exp0028_fsdp2_tp2_b16_l1024_tc512_vc32768_r0/xla/module_0677.jit__train_step.cl_914450892.after_optimizations-memory-usage-report.txt,/private/tmp/v5e-cce-full-local/combined/core/results/shard_0.jsonl,,,,,
False,tpu-v5e,68.49980879400027,9910.382634590464,exp0029_fsdp2_tp2_b16_l1024_tc512_vc65536_r0,True,8,4,512/65536,"max(first_step_time - steady_median, 0)",31.453554627499898,synthetic,94.82723061099978,False,29,0.039014313369989395,33.10662634299979,2,16,0.1.7,t1v-n-8132e94c-w-0,t1v-n-8132e94c-w-0,0.10.1,0.0002,/tmp/v5e-cce-full/core/runs/exp0029_fsdp2_tp2_b16_l1024_tc512_vc65536_r0/runner.log,32.0,16,cce,1,13,0.9213614999674834,10,10,16.532156834000034,1.653071715499891,"fsdp=2,tp=2",google/gemma-3-270m-it,Gemma3 270M,gs://gemma-data/checkpoints/gemma3-270m-it,270m,gcs,2048,1.654022335999798,core,False,,0,0,/tmp/v5e-cce-full/core/runs/exp0029_fsdp2_tp2_b16_l1024_tc512_vc65536_r0,20260609T171229Z,65.138530304,67.637338112,2.498807808,0,1024,b16/L1024,success,1.6532156834000034,13,t1v-n-8132e94c-w-0,1.660324818083306,,,1080.511464058587,2026-06-09T17:42:41+00:00,2026-06-09T17:12:29+00:00,512,2,gs://gemma-data/tokenizers/tokenizer_gemma3.model,sentencepiece,1087.3354384728893,2,v5litepod-4,,,0.1.0,65536,4,262144,3,/tmp/v5e-cce-full/core/runs/exp0029_fsdp2_tp2_b16_l1024_tc512_vc65536_r0/xla,5.13,/tmp/v5e-cce-full/core/runs/exp0029_fsdp2_tp2_b16_l1024_tc512_vc65536_r0/xla/module_0677.jit__train_step.cl_914450892.after_optimizations-memory-usage-report.txt,/private/tmp/v5e-cce-full-local/combined/core/results/shard_1.jsonl,,,,,
False,tpu-v5e,50.23992250900005,55307.78458728837,exp0030_fsdp2_tp2_b32_l512_default_ce_r0,False,,4,default_ce,"max(first_step_time - steady_median, 0)",32.459798477500044,synthetic,77.34476495700005,False,30,0.02158845216035843,32.75618909900004,2,32,0.1.7,t1v-n-402a6d5e-w-0,t1v-n-402a6d5e-w-0,0.10.1,0.0002,/tmp/v5e-cce-full/core/runs/exp0030_fsdp2_tp2_b32_l512_default_ce_r0/runner.log,32.0,16,default_ce,1,13,0.887107794961104,10,10,2.9623316360000445,0.2963906214999952,"fsdp=2,tp=2",google/gemma-3-270m-it,Gemma3 270M,gs://gemma-data/checkpoints/gemma3-270m-it,270m,gcs,2048,0.29680498700008684,core,False,,0,0,/tmp/v5e-cce-full/core/runs/exp0030_fsdp2_tp2_b32_l512_default_ce_r0,20260609T171229Z,65.041609216,67.637338112,2.595728896,0,512,b32/L512,success,0.29623316360000446,13,t1v-n-402a6d5e-w-0,0.30372496516666087,,,11868.19353058022,2026-06-09T17:35:21+00:00,2026-06-09T17:12:29+00:00,,,gs://gemma-data/tokenizers/tokenizer_gemma3.model,sentencepiece,12203.900319822078,2,v5litepod-4,,,0.1.0,,,262144,3,/tmp/v5e-cce-full/core/runs/exp0030_fsdp2_tp2_b32_l512_default_ce_r0/xla,12.11,/tmp/v5e-cce-full/core/runs/exp0030_fsdp2_tp2_b32_l512_default_ce_r0/xla/module_0677.jit__train_step.cl_914450892.after_optimizations-memory-usage-report.txt,/private/tmp/v5e-cce-full-local/combined/core/results/shard_0.jsonl,,,,,
False,tpu-v5e,447.18224437200024,533.2279916510203,exp0031_fsdp2_tp2_b32_l512_tc128_vc8192_r0,True,128,4,128/8192,"max(first_step_time - steady_median, 0)",3.104277278500149,synthetic,472.7606105770001,False,31,0.02978387288749218,33.83061247700016,2,32,0.1.7,t1v-n-8132e94c-w-0,t1v-n-8132e94c-w-0,0.10.1,0.0002,/tmp/v5e-cce-full/core/runs/exp0031_fsdp2_tp2_b32_l512_tc128_vc8192_r0/runner.log,32.0,16,cce,1,13,0.8933788327356944,10,10,307.2606887959996,30.72633519850001,"fsdp=2,tp=2",google/gemma-3-270m-it,Gemma3 270M,gs://gemma-data/checkpoints/gemma3-270m-it,270m,gcs,2048,30.727500847999636,core,False,,0,0,/tmp/v5e-cce-full/core/runs/exp0031_fsdp2_tp2_b32_l512_tc128_vc8192_r0,20260609T171229Z,65.063657472,67.637338112,2.57368064,0,512,b32/L512,success,30.72606887959996,13,t1v-n-8132e94c-w-0,30.733436284999964,,,117.28811035770812,2026-06-09T17:50:33+00:00,2026-06-09T17:12:29+00:00,128,4,gs://gemma-data/tokenizers/tokenizer_gemma3.model,sentencepiece,117.65904757182423,2,v5litepod-4,,,0.1.0,8192,32,262144,3,/tmp/v5e-cce-full/core/runs/exp0031_fsdp2_tp2_b32_l512_tc128_vc8192_r0/xla,4.56,/tmp/v5e-cce-full/core/runs/exp0031_fsdp2_tp2_b32_l512_tc128_vc8192_r0/xla/module_0677.jit__train_step.cl_914450892.after_optimizations-memory-usage-report.txt,/private/tmp/v5e-cce-full-local/combined/core/results/shard_1.jsonl,,,,,
False,tpu-v5e,154.25449276400013,2009.421103067919,exp0032_fsdp2_tp2_b32_l512_tc128_vc32768_r0,True,32,4,128/32768,"max(first_step_time - steady_median, 0)",25.423425077999923,synthetic,181.99257096199995,False,32,0.020832201465964317,33.57698748199982,2,32,0.1.7,t1v-n-402a6d5e-w-0,t1v-n-402a6d5e-w-0,0.10.1,0.0002,/tmp/v5e-cce-full/core/runs/exp0032_fsdp2_tp2_b32_l512_tc128_vc32768_r0/runner.log,32.0,16,cce,1,13,0.8665525138091582,10,10,81.53592084300021,8.1535624039999,"fsdp=2,tp=2",google/gemma-3-270m-it,Gemma3 270M,gs://gemma-data/checkpoints/gemma3-270m-it,270m,gcs,2048,8.155392869000025,core,False,,0,0,/tmp/v5e-cce-full/core/runs/exp0032_fsdp2_tp2_b32_l512_tc128_vc32768_r0,20260609T171229Z,65.063114752,67.637338112,2.57422336,0,512,b32/L512,success,8.153592084300021,13,t1v-n-402a6d5e-w-0,8.160934391750024,,,441.6977877325742,2026-06-09T17:38:23+00:00,2026-06-09T17:12:29+00:00,128,4,gs://gemma-data/tokenizers/tokenizer_gemma3.model,sentencepiece,443.38740062323853,2,v5litepod-4,,,0.1.0,32768,8,262144,3,/tmp/v5e-cce-full/core/runs/exp0032_fsdp2_tp2_b32_l512_tc128_vc32768_r0/xla,4.56,/tmp/v5e-cce-full/core/runs/exp0032_fsdp2_tp2_b32_l512_tc128_vc32768_r0/xla/module_0677.jit__train_step.cl_914450892.after_optimizations-memory-usage-report.txt,/private/tmp/v5e-cce-full-local/combined/core/results/shard_0.jsonl,,,,,
False,tpu-v5e,105.4977633440003,3733.030889659702,exp0033_fsdp2_tp2_b32_l512_tc256_vc32768_r0,True,16,4,256/32768,"max(first_step_time - steady_median, 0)",29.632753155000046,synthetic,132.16933337599994,False,33,0.020832201465964317,34.021597374000066,2,32,0.1.7,t1v-n-8132e94c-w-0,t1v-n-8132e94c-w-0,0.10.1,0.0002,/tmp/v5e-cce-full/core/runs/exp0033_fsdp2_tp2_b32_l512_tc256_vc32768_r0/runner.log,32.0,16,cce,1,13,0.8665525138091582,10,10,43.8892698300001,4.3888442190000205,"fsdp=2,tp=2",google/gemma-3-270m-it,Gemma3 270M,gs://gemma-data/checkpoints/gemma3-270m-it,270m,gcs,2048,4.390257676000147,core,False,,0,0,/tmp/v5e-cce-full/core/runs/exp0033_fsdp2_tp2_b32_l512_tc256_vc32768_r0,20260609T171229Z,65.059217408,67.637338112,2.578120704,0,512,b32/L512,success,4.38892698300001,13,t1v-n-8132e94c-w-0,4.396244086500019,,,819.9423407212245,2026-06-09T17:52:46+00:00,2026-06-09T17:12:29+00:00,256,2,gs://gemma-data/tokenizers/tokenizer_gemma3.model,sentencepiece,823.7093061705173,2,v5litepod-4,,,0.1.0,32768,8,262144,3,/tmp/v5e-cce-full/core/runs/exp0033_fsdp2_tp2_b32_l512_tc256_vc32768_r0/xla,4.56,/tmp/v5e-cce-full/core/runs/exp0033_fsdp2_tp2_b32_l512_tc256_vc32768_r0/xla/module_0677.jit__train_step.cl_914450892.after_optimizations-memory-usage-report.txt,/private/tmp/v5e-cce-full-local/combined/core/results/shard_1.jsonl,,,,,
False,tpu-v5e,80.49586323299991,6495.823580008538,exp0034_fsdp2_tp2_b32_l512_tc512_vc32768_r0,True,8,4,512/32768,"max(first_step_time - steady_median, 0)",31.500386178999975,synthetic,106.89575476799996,False,34,0.020832201465964317,34.022607753999864,2,32,0.1.7,t1v-n-402a6d5e-w-0,t1v-n-402a6d5e-w-0,0.10.1,0.0002,/tmp/v5e-cce-full/core/runs/exp0034_fsdp2_tp2_b32_l512_tc512_vc32768_r0/runner.log,32.0,16,cce,1,13,0.8665525138091582,10,10,25.222359872000197,2.5222215749998895,"fsdp=2,tp=2",google/gemma-3-270m-it,Gemma3 270M,gs://gemma-data/checkpoints/gemma3-270m-it,270m,gcs,2048,2.5226108900001236,core,False,,0,0,/tmp/v5e-cce-full/core/runs/exp0034_fsdp2_tp2_b32_l512_tc512_vc32768_r0,20260609T171229Z,65.056608256,67.637338112,2.580729856,0,512,b32/L512,success,2.5222359872000197,13,t1v-n-402a6d5e-w-0,2.5294111671666997,,,1425.1011118545848,2026-06-09T17:40:10+00:00,2026-06-09T17:12:29+00:00,512,1,gs://gemma-data/tokenizers/tokenizer_gemma3.model,sentencepiece,1433.331384670829,2,v5litepod-4,,,0.1.0,32768,8,262144,3,/tmp/v5e-cce-full/core/runs/exp0034_fsdp2_tp2_b32_l512_tc512_vc32768_r0/xla,4.56,/tmp/v5e-cce-full/core/runs/exp0034_fsdp2_tp2_b32_l512_tc512_vc32768_r0/xla/module_0677.jit__train_step.cl_914450892.after_optimizations-memory-usage-report.txt,/private/tmp/v5e-cce-full-local/combined/core/results/shard_0.jsonl,,,,,
False,tpu-v5e,69.52533930000027,9958.99503722015,exp0035_fsdp2_tp2_b32_l512_tc512_vc65536_r0,True,4,4,512/65536,"max(first_step_time - steady_median, 0)",32.16306836850026,synthetic,95.86531651299993,False,35,0.024446852505207062,33.80827936100013,2,32,0.1.7,t1v-n-8132e94c-w-0,t1v-n-8132e94c-w-0,0.10.1,0.0002,/tmp/v5e-cce-full/core/runs/exp0035_fsdp2_tp2_b32_l512_tc512_vc65536_r0/runner.log,32.0,16,cce,1,13,0.8841985368098204,10,10,16.451459146999696,1.6452109924998695,"fsdp=2,tp=2",google/gemma-3-270m-it,Gemma3 270M,gs://gemma-data/checkpoints/gemma3-270m-it,270m,gcs,2048,1.6454028680000192,core,False,,0,0,/tmp/v5e-cce-full/core/runs/exp0035_fsdp2_tp2_b32_l512_tc512_vc65536_r0,20260609T171229Z,65.058238464,67.637338112,2.579099648,0,512,b32/L512,success,1.6451459146999696,13,t1v-n-8132e94c-w-0,1.6522829257500007,,,2181.627983010503,2026-06-09T17:54:22+00:00,2026-06-09T17:12:29+00:00,512,1,gs://gemma-data/tokenizers/tokenizer_gemma3.model,sentencepiece,2197.4950475194264,2,v5litepod-4,,,0.1.0,65536,4,262144,3,/tmp/v5e-cce-full/core/runs/exp0035_fsdp2_tp2_b32_l512_tc512_vc65536_r0/xla,4.56,/tmp/v5e-cce-full/core/runs/exp0035_fsdp2_tp2_b32_l512_tc512_vc65536_r0/xla/module_0677.jit__train_step.cl_914450892.after_optimizations-memory-usage-report.txt,/private/tmp/v5e-cce-full-local/combined/core/results/shard_1.jsonl,,,,,
False,tpu-v5e,89.37228041700018,154451.80838399852,exp0036_fsdp1_tp4_b16_l512_default_ce_r0,False,,4,default_ce,"max(first_step_time - steady_median, 0)",37.518062009000005,synthetic,116.92034296899988,False,36,0.02429073303937912,37.57101214299996,1,16,0.1.7,t1v-n-402a6d5e-w-0,t1v-n-402a6d5e-w-0,0.10.1,0.0002,/tmp/v5e-cce-full/core/runs/exp0036_fsdp1_tp4_b16_l512_default_ce_r0/runner.log,32.0,16,default_ce,1,13,0.8964974245486351,10,10,0.5303919769999084,0.05295013399995696,"fsdp=1,tp=4",google/gemma-3-270m-it,Gemma3 270M,gs://gemma-data/checkpoints/gemma3-270m-it,270m,gcs,2048,0.05429327399997419,core,False,,0,0,/tmp/v5e-cce-full/core/runs/exp0036_fsdp1_tp4_b16_l512_default_ce_r0,20260609T171229Z,64.06112256,67.637338112,3.576215552,0,512,b16/L512,success,0.05303919769999084,13,t1v-n-402a6d5e-w-0,3.1477880190833125,,,569.9240193824876,2026-06-09T17:42:07+00:00,2026-06-09T17:12:29+00:00,,,gs://gemma-data/tokenizers/tokenizer_gemma3.model,sentencepiece,33891.915374887176,4,v5litepod-4,,,0.1.0,,,262144,3,/tmp/v5e-cce-full/core/runs/exp0036_fsdp1_tp4_b16_l512_default_ce_r0/xla,3.47,/tmp/v5e-cce-full/core/runs/exp0036_fsdp1_tp4_b16_l512_default_ce_r0/xla/module_0920.jit__train_step.cl_914450892.after_optimizations-memory-usage-report.txt,/private/tmp/v5e-cce-full-local/combined/core/results/shard_0.jsonl,,,,,
False,tpu-v5e,115.47382603100004,4175.662302029854,exp0037_fsdp1_tp4_b16_l512_tc128_vc8192_r0,True,128,4,128/8192,"max(first_step_time - steady_median, 0)",36.4909891865002,synthetic,142.054983299,False,37,0.02761426568031311,38.45280128200011,1,16,0.1.7,t1v-n-8132e94c-w-0,t1v-n-8132e94c-w-0,0.10.1,0.0002,/tmp/v5e-cce-full/core/runs/exp0037_fsdp1_tp4_b16_l512_tc128_vc8192_r0/runner.log,32.0,16,cce,1,13,0.9186415027540463,10,10,19.61844470999904,1.9618120954999085,"fsdp=1,tp=4",google/gemma-3-270m-it,Gemma3 270M,gs://gemma-data/checkpoints/gemma3-270m-it,270m,gcs,2048,1.9622891959998014,core,False,,0,0,/tmp/v5e-cce-full/core/runs/exp0037_fsdp1_tp4_b16_l512_tc128_vc8192_r0,20260609T171229Z,64.066400256,67.637338112,3.570937856,0,512,b16/L512,success,1.9618444709999039,13,t1v-n-8132e94c-w-0,5.107640096249952,,,351.23853016134814,2026-06-09T17:56:44+00:00,2026-06-09T17:12:29+00:00,128,4,gs://gemma-data/tokenizers/tokenizer_gemma3.model,sentencepiece,916.2805852208088,4,v5litepod-4,,,0.1.0,8192,32,262144,3,/tmp/v5e-cce-full/core/runs/exp0037_fsdp1_tp4_b16_l512_tc128_vc8192_r0/xla,1.64,/tmp/v5e-cce-full/core/runs/exp0037_fsdp1_tp4_b16_l512_tc128_vc8192_r0/xla/module_0949.jit__train_step.cl_914450892.after_optimizations-memory-usage-report.txt,/private/tmp/v5e-cce-full-local/combined/core/results/shard_1.jsonl,,,,,
False,tpu-v5e,102.94386716999998,8741.825866593039,exp0038_fsdp1_tp4_b16_l512_tc128_vc32768_r0,True,32,4,128/32768,"max(first_step_time - steady_median, 0)",37.71229337649993,synthetic,130.3084246919998,False,38,0.037802938371896744,38.6495057369998,1,16,0.1.7,t1v-n-402a6d5e-w-0,t1v-n-402a6d5e-w-0,0.10.1,0.0002,/tmp/v5e-cce-full/core/runs/exp0038_fsdp1_tp4_b16_l512_tc128_vc32768_r0/runner.log,32.0,16,cce,1,13,0.9531509263011125,10,10,9.37104001499938,0.9372123604998706,"fsdp=1,tp=4",google/gemma-3-270m-it,Gemma3 270M,gs://gemma-data/checkpoints/gemma3-270m-it,270m,gcs,2048,0.9375692649996381,core,False,,0,0,/tmp/v5e-cce-full/core/runs/exp0038_fsdp1_tp4_b16_l512_tc128_vc32768_r0,20260609T171229Z,64.065458176,67.637338112,3.571879936,0,512,b16/L512,success,0.937104001499938,13,t1v-n-402a6d5e-w-0,4.094401539166597,,,438.1592725673807,2026-06-09T17:44:18+00:00,2026-06-09T17:12:29+00:00,128,4,gs://gemma-data/tokenizers/tokenizer_gemma3.model,sentencepiece,1918.2502658432186,4,v5litepod-4,,,0.1.0,32768,8,262144,3,/tmp/v5e-cce-full/core/runs/exp0038_fsdp1_tp4_b16_l512_tc128_vc32768_r0/xla,1.64,/tmp/v5e-cce-full/core/runs/exp0038_fsdp1_tp4_b16_l512_tc128_vc32768_r0/xla/module_0949.jit__train_step.cl_914450892.after_optimizations-memory-usage-report.txt,/private/tmp/v5e-cce-full-local/combined/core/results/shard_0.jsonl,,,,,
False,tpu-v5e,99.15426771000011,13334.597209636018,exp0039_fsdp1_tp4_b16_l512_tc256_vc32768_r0,True,16,4,256/32768,"max(first_step_time - steady_median, 0)",38.06883053299998,synthetic,126.12288847599984,False,39,0.038606561720371246,38.68290927899989,1,16,0.1.7,t1v-n-8132e94c-w-0,t1v-n-8132e94c-w-0,0.10.1,0.0002,/tmp/v5e-cce-full/core/runs/exp0039_fsdp1_tp4_b16_l512_tc256_vc32768_r0/runner.log,32.0,16,cce,1,13,0.9530486630705687,10,10,6.143417661000058,0.6140787459999046,"fsdp=1,tp=4",google/gemma-3-270m-it,Gemma3 270M,gs://gemma-data/checkpoints/gemma3-270m-it,270m,gcs,2048,0.6182876560001205,core,False,,0,0,/tmp/v5e-cce-full/core/runs/exp0039_fsdp1_tp4_b16_l512_tc256_vc32768_r0,20260609T171229Z,64.058904576,67.637338112,3.578433536,0,512,b16/L512,success,0.6143417661000058,13,t1v-n-8132e94c-w-0,3.8300738581666565,,,468.3982780579419,2026-06-09T17:58:50+00:00,2026-06-09T17:12:29+00:00,256,2,gs://gemma-data/tokenizers/tokenizer_gemma3.model,sentencepiece,2926.0585869191536,4,v5litepod-4,,,0.1.0,32768,8,262144,3,/tmp/v5e-cce-full/core/runs/exp0039_fsdp1_tp4_b16_l512_tc256_vc32768_r0/xla,1.64,/tmp/v5e-cce-full/core/runs/exp0039_fsdp1_tp4_b16_l512_tc256_vc32768_r0/xla/module_0951.jit__train_step.cl_914450892.after_optimizations-memory-usage-report.txt,/private/tmp/v5e-cce-full-local/combined/core/results/shard_1.jsonl,,,,,
False,tpu-v5e,97.633883341,17314.71454009861,exp0040_fsdp1_tp4_b16_l512_tc512_vc32768_r0,True,8,4,512/32768,"max(first_step_time - steady_median, 0)",38.23061390549992,synthetic,126.47413631500012,False,40,0.03400148078799248,38.703586705999896,1,16,0.1.7,t1v-n-402a6d5e-w-0,t1v-n-402a6d5e-w-0,0.10.1,0.0002,/tmp/v5e-cce-full/core/runs/exp0040_fsdp1_tp4_b16_l512_tc512_vc32768_r0/runner.log,32.0,16,cce,1,13,0.9353401746887428,10,10,4.731235956000546,0.47297280049997426,"fsdp=1,tp=4",google/gemma-3-270m-it,Gemma3 270M,gs://gemma-data/checkpoints/gemma3-270m-it,270m,gcs,2048,0.4742881360002684,core,False,,0,0,/tmp/v5e-cce-full/core/runs/exp0040_fsdp1_tp4_b16_l512_tc512_vc32768_r0,20260609T171229Z,64.057079808,67.637338112,3.580258304,0,512,b16/L512,success,0.4731235956000546,13,t1v-n-402a6d5e-w-0,3.6960387390000355,,,485.38452291367685,2026-06-09T17:46:24+00:00,2026-06-09T17:12:29+00:00,512,1,gs://gemma-data/tokenizers/tokenizer_gemma3.model,sentencepiece,3799.4300362892163,4,v5litepod-4,,,0.1.0,32768,8,262144,3,/tmp/v5e-cce-full/core/runs/exp0040_fsdp1_tp4_b16_l512_tc512_vc32768_r0/xla,1.71,/tmp/v5e-cce-full/core/runs/exp0040_fsdp1_tp4_b16_l512_tc512_vc32768_r0/xla/module_0953.jit__train_step.cl_914450892.after_optimizations-memory-usage-report.txt,/private/tmp/v5e-cce-full-local/combined/core/results/shard_0.jsonl,,,,,
False,tpu-v5e,96.87487103299964,19219.16824496018,exp0041_fsdp1_tp4_b16_l512_tc512_vc65536_r0,True,4,4,512/65536,"max(first_step_time - steady_median, 0)",38.58706667599972,synthetic,123.60855190400025,False,41,0.02920311875641346,39.01339188699967,1,16,0.1.7,t1v-n-8132e94c-w-0,t1v-n-8132e94c-w-0,0.10.1,0.0002,/tmp/v5e-cce-full/core/runs/exp0041_fsdp1_tp4_b16_l512_tc512_vc65536_r0/runner.log,32.0,16,cce,1,13,0.9313168034244043,10,10,4.262411304999205,0.42632521099994847,"fsdp=1,tp=4",google/gemma-3-270m-it,Gemma3 270M,gs://gemma-data/checkpoints/gemma3-270m-it,270m,gcs,2048,0.42650752600002306,core,False,,0,0,/tmp/v5e-cce-full/core/runs/exp0041_fsdp1_tp4_b16_l512_tc512_vc65536_r0,20260609T171229Z,64.055939072,67.637338112,3.58139904,0,512,b16/L512,success,0.42624113049992046,13,t1v-n-8132e94c-w-0,3.5825407027499523,,,500.76193094552383,2026-06-09T18:00:54+00:00,2026-06-09T17:12:29+00:00,512,1,gs://gemma-data/tokenizers/tokenizer_gemma3.model,sentencepiece,4217.3311568774925,4,v5litepod-4,,,0.1.0,65536,4,262144,3,/tmp/v5e-cce-full/core/runs/exp0041_fsdp1_tp4_b16_l512_tc512_vc65536_r0/xla,1.78,/tmp/v5e-cce-full/core/runs/exp0041_fsdp1_tp4_b16_l512_tc512_vc65536_r0/xla/module_0951.jit__train_step.cl_914450892.after_optimizations-memory-usage-report.txt,/private/tmp/v5e-cce-full-local/combined/core/results/shard_1.jsonl,,,,,
False,tpu-v5e,101.07690223000009,156107.9437304107,exp0042_fsdp1_tp4_b16_l1024_default_ce_r0,False,,4,default_ce,"max(first_step_time - steady_median, 0)",41.73599846449997,synthetic,131.12166787399974,False,42,0.03731781616806984,41.84095736600011,1,16,0.1.7,t1v-n-402a6d5e-w-0,t1v-n-402a6d5e-w-0,0.10.1,0.0002,/tmp/v5e-cce-full/core/runs/exp0042_fsdp1_tp4_b16_l1024_default_ce_r0/runner.log,32.0,16,default_ce,1,13,0.9433731218943229,10,10,1.0495301910000308,0.1049589015001402,"fsdp=1,tp=4",google/gemma-3-270m-it,Gemma3 270M,gs://gemma-data/checkpoints/gemma3-270m-it,270m,gcs,2048,0.10535242600008132,core,False,,0,0,/tmp/v5e-cce-full/core/runs/exp0042_fsdp1_tp4_b16_l1024_default_ce_r0,20260609T171229Z,63.592892416,67.637338112,4.044445696,0,1024,b16/L1024,success,0.10495301910000307,13,t1v-n-402a6d5e-w-0,3.59167246574998,,,499.48875269320905,2026-06-09T17:48:35+00:00,2026-06-09T17:12:29+00:00,,,gs://gemma-data/tokenizers/tokenizer_gemma3.model,sentencepiece,17127.6635528434,4,v5litepod-4,,,0.1.0,,,262144,3,/tmp/v5e-cce-full/core/runs/exp0042_fsdp1_tp4_b16_l1024_default_ce_r0/xla,6.86,/tmp/v5e-cce-full/core/runs/exp0042_fsdp1_tp4_b16_l1024_default_ce_r0/xla/module_0934.jit__train_step.cl_914450892.after_optimizations-memory-usage-report.txt,/private/tmp/v5e-cce-full-local/combined/core/results/shard_0.jsonl,,,,,
False,tpu-v5e,149.84974803900013,4184.4864656732725,exp0043_fsdp1_tp4_b16_l1024_tc128_vc8192_r0,True,256,4,128/8192,"max(first_step_time - steady_median, 0)",39.25563359900002,synthetic,176.6634019889998,False,43,0.0386296883225441,43.17114587700007,1,16,0.1.7,t1v-n-8132e94c-w-0,t1v-n-8132e94c-w-0,0.10.1,0.0002,/tmp/v5e-cce-full/core/runs/exp0043_fsdp1_tp4_b16_l1024_tc128_vc8192_r0/runner.log,32.0,16,cce,1,13,0.9488787688314915,10,10,39.15414743100109,3.915512278000051,"fsdp=1,tp=4",google/gemma-3-270m-it,Gemma3 270M,gs://gemma-data/checkpoints/gemma3-270m-it,270m,gcs,2048,3.9165995130001647,core,False,,0,0,/tmp/v5e-cce-full/core/runs/exp0043_fsdp1_tp4_b16_l1024_tc128_vc8192_r0,20260609T171229Z,63.613949952,67.637338112,4.02338816,0,1024,b16/L1024,success,3.915414743100109,13,t1v-n-8132e94c-w-0,7.434508605000095,,,241.30713881929486,2026-06-09T18:03:51+00:00,2026-06-09T17:12:29+00:00,128,8,gs://gemma-data/tokenizers/tokenizer_gemma3.model,sentencepiece,459.10845158046106,4,v5litepod-4,,,0.1.0,8192,32,262144,3,/tmp/v5e-cce-full/core/runs/exp0043_fsdp1_tp4_b16_l1024_tc128_vc8192_r0/xla,3.06,/tmp/v5e-cce-full/core/runs/exp0043_fsdp1_tp4_b16_l1024_tc128_vc8192_r0/xla/module_0972.jit__train_step.cl_914450892.after_optimizations-memory-usage-report.txt,/private/tmp/v5e-cce-full-local/combined/core/results/shard_1.jsonl,,,,,
False,tpu-v5e,124.2184525169996,8756.075642361957,exp0044_fsdp1_tp4_b16_l1024_tc128_vc32768_r0,True,64,4,128/32768,"max(first_step_time - steady_median, 0)",41.32000495550005,synthetic,152.05490593199966,False,44,0.034872349351644516,43.191212910000104,1,16,0.1.7,t1v-n-402a6d5e-w-0,t1v-n-402a6d5e-w-0,0.10.1,0.0002,/tmp/v5e-cce-full/core/runs/exp0044_fsdp1_tp4_b16_l1024_tc128_vc32768_r0/runner.log,32.0,16,cce,1,13,0.9341226125565859,10,10,18.71157887299887,1.8712079545000506,"fsdp=1,tp=4",google/gemma-3-270m-it,Gemma3 270M,gs://gemma-data/checkpoints/gemma3-270m-it,270m,gcs,2048,1.872072628999831,core,False,,0,0,/tmp/v5e-cce-full/core/runs/exp0044_fsdp1_tp4_b16_l1024_tc128_vc32768_r0,20260609T171229Z,63.613005824,67.637338112,4.024332288,0,1024,b16/L1024,success,1.871157887299887,13,t1v-n-402a6d5e-w-0,5.408406685166597,,,331.705824733988,2026-06-09T17:51:07+00:00,2026-06-09T17:12:29+00:00,128,8,gs://gemma-data/tokenizers/tokenizer_gemma3.model,sentencepiece,960.6885726751619,4,v5litepod-4,,,0.1.0,32768,8,262144,3,/tmp/v5e-cce-full/core/runs/exp0044_fsdp1_tp4_b16_l1024_tc128_vc32768_r0/xla,3.06,/tmp/v5e-cce-full/core/runs/exp0044_fsdp1_tp4_b16_l1024_tc128_vc32768_r0/xla/module_0972.jit__train_step.cl_914450892.after_optimizations-memory-usage-report.txt,/private/tmp/v5e-cce-full-local/combined/core/results/shard_0.jsonl,,,,,
False,tpu-v5e,116.35457064100001,13335.848320434274,exp0045_fsdp1_tp4_b16_l1024_tc256_vc32768_r0,True,32,4,256/32768,"max(first_step_time - steady_median, 0)",41.992203248999886,synthetic,144.5769126340001,False,45,0.03235166519880295,43.22094337999988,1,16,0.1.7,t1v-n-8132e94c-w-0,t1v-n-8132e94c-w-0,0.10.1,0.0002,/tmp/v5e-cce-full/core/runs/exp0045_fsdp1_tp4_b16_l1024_tc256_vc32768_r0/runner.log,32.0,16,cce,1,13,0.9338968937786726,10,10,12.28568262500039,1.228740130999995,"fsdp=1,tp=4",google/gemma-3-270m-it,Gemma3 270M,gs://gemma-data/checkpoints/gemma3-270m-it,270m,gcs,2048,1.2291154750000715,core,False,,0,0,/tmp/v5e-cce-full/core/runs/exp0045_fsdp1_tp4_b16_l1024_tc256_vc32768_r0,20260609T171229Z,63.606552576,67.637338112,4.030785536,0,1024,b16/L1024,success,1.2285682625000391,13,t1v-n-8132e94c-w-0,4.767903575833391,,,376.2659985602631,2026-06-09T18:06:15+00:00,2026-06-09T17:12:29+00:00,256,4,gs://gemma-data/tokenizers/tokenizer_gemma3.model,sentencepiece,1463.1665613288972,4,v5litepod-4,,,0.1.0,32768,8,262144,3,/tmp/v5e-cce-full/core/runs/exp0045_fsdp1_tp4_b16_l1024_tc256_vc32768_r0/xla,3.06,/tmp/v5e-cce-full/core/runs/exp0045_fsdp1_tp4_b16_l1024_tc256_vc32768_r0/xla/module_0973.jit__train_step.cl_914450892.after_optimizations-memory-usage-report.txt,/private/tmp/v5e-cce-full-local/combined/core/results/shard_1.jsonl,,,,,
False,tpu-v5e,112.27437371499991,17327.126191991643,exp0046_fsdp1_tp4_b16_l1024_tc512_vc32768_r0,True,16,4,512/32768,"max(first_step_time - steady_median, 0)",42.46208159799994,synthetic,141.0001239789999,False,46,0.03727341815829277,43.40780623699993,1,16,0.1.7,t1v-n-402a6d5e-w-0,t1v-n-402a6d5e-w-0,0.10.1,0.0002,/tmp/v5e-cce-full/core/runs/exp0046_fsdp1_tp4_b16_l1024_tc512_vc32768_r0/runner.log,32.0,16,cce,1,13,0.9484327389643743,10,10,9.455693817000338,0.9457246389999909,"fsdp=1,tp=4",google/gemma-3-270m-it,Gemma3 270M,gs://gemma-data/checkpoints/gemma3-270m-it,270m,gcs,2048,0.9459375589999581,core,False,,0,0,/tmp/v5e-cce-full/core/runs/exp0046_fsdp1_tp4_b16_l1024_tc512_vc32768_r0,20260609T171229Z,63.604629504,67.637338112,4.032708608,0,1024,b16/L1024,success,0.9455693817000338,13,t1v-n-402a6d5e-w-0,4.499429475833343,,,398.7172172906948,2026-06-09T17:53:29+00:00,2026-06-09T17:12:29+00:00,512,2,gs://gemma-data/tokenizers/tokenizer_gemma3.model,sentencepiece,1901.0767848342396,4,v5litepod-4,,,0.1.0,32768,8,262144,3,/tmp/v5e-cce-full/core/runs/exp0046_fsdp1_tp4_b16_l1024_tc512_vc32768_r0/xla,3.13,/tmp/v5e-cce-full/core/runs/exp0046_fsdp1_tp4_b16_l1024_tc512_vc32768_r0/xla/module_0976.jit__train_step.cl_914450892.after_optimizations-memory-usage-report.txt,/private/tmp/v5e-cce-full-local/combined/core/results/shard_0.jsonl,,,,,
False,tpu-v5e,111.59510833899958,19233.015600432227,exp0047_fsdp1_tp4_b16_l1024_tc512_vc65536_r0,True,8,4,512/65536,"max(first_step_time - steady_median, 0)",42.371351409499994,synthetic,138.63104875,False,47,0.03744874522089958,43.22316959799991,1,16,0.1.7,t1v-n-8132e94c-w-0,t1v-n-8132e94c-w-0,0.10.1,0.0002,/tmp/v5e-cce-full/core/runs/exp0047_fsdp1_tp4_b16_l1024_tc512_vc65536_r0/runner.log,32.0,16,cce,1,13,0.946983646028317,10,10,8.518684922000375,0.8518181884999194,"fsdp=1,tp=4",google/gemma-3-270m-it,Gemma3 270M,gs://gemma-data/checkpoints/gemma3-270m-it,270m,gcs,2048,0.8546811520000119,core,False,,0,0,/tmp/v5e-cce-full/core/runs/exp0047_fsdp1_tp4_b16_l1024_tc512_vc65536_r0,20260609T171229Z,63.603494912,67.637338112,4.0338432,0,1024,b16/L1024,success,0.8518684922000375,13,t1v-n-8132e94c-w-0,4.423088025500003,,,405.59898190070487,2026-06-09T18:08:34+00:00,2026-06-09T17:12:29+00:00,512,2,gs://gemma-data/tokenizers/tokenizer_gemma3.model,sentencepiece,2110.1848659263287,4,v5litepod-4,,,0.1.0,65536,4,262144,3,/tmp/v5e-cce-full/core/runs/exp0047_fsdp1_tp4_b16_l1024_tc512_vc65536_r0/xla,3.2,/tmp/v5e-cce-full/core/runs/exp0047_fsdp1_tp4_b16_l1024_tc512_vc65536_r0/xla/module_0974.jit__train_step.cl_914450892.after_optimizations-memory-usage-report.txt,/private/tmp/v5e-cce-full-local/combined/core/results/shard_1.jsonl,,,,,
False,tpu-v5e,99.47657994400015,162801.88434208528,exp0048_fsdp1_tp4_b32_l512_default_ce_r0,False,,4,default_ce,"max(first_step_time - steady_median, 0)",42.09326975049976,synthetic,129.6244462169998,False,48,0.03416527435183525,42.1939244729997,1,32,0.1.7,t1v-n-402a6d5e-w-0,t1v-n-402a6d5e-w-0,0.10.1,0.0002,/tmp/v5e-cce-full/core/runs/exp0048_fsdp1_tp4_b32_l512_default_ce_r0/runner.log,32.0,16,default_ce,1,13,0.949483070235986,10,10,1.0063765579993742,0.10065472249993945,"fsdp=1,tp=4",google/gemma-3-270m-it,Gemma3 270M,gs://gemma-data/checkpoints/gemma3-270m-it,270m,gcs,2048,0.10171522799964805,core,False,,0,0,/tmp/v5e-cce-full/core/runs/exp0048_fsdp1_tp4_b32_l512_default_ce_r0,20260609T171229Z,63.58962432,67.637338112,4.047713792,0,512,b32/L512,success,0.10063765579993741,13,t1v-n-402a6d5e-w-0,3.586211972499958,,,1005.1460132050822,2026-06-09T17:55:38+00:00,2026-06-09T17:12:29+00:00,,,gs://gemma-data/tokenizers/tokenizer_gemma3.model,sentencepiece,35922.9353194279,4,v5litepod-4,,,0.1.0,,,262144,3,/tmp/v5e-cce-full/core/runs/exp0048_fsdp1_tp4_b32_l512_default_ce_r0/xla,6.59,/tmp/v5e-cce-full/core/runs/exp0048_fsdp1_tp4_b32_l512_default_ce_r0/xla/module_0927.jit__train_step.cl_914450892.after_optimizations-memory-usage-report.txt,/private/tmp/v5e-cce-full-local/combined/core/results/shard_0.jsonl,,,,,
False,tpu-v5e,150.869216176,4180.89742871899,exp0049_fsdp1_tp4_b32_l512_tc128_vc8192_r0,True,128,4,128/8192,"max(first_step_time - steady_median, 0)",39.29021799599991,synthetic,178.35773779400006,False,49,0.0354592427611351,43.20896906300004,1,32,0.1.7,t1v-n-8132e94c-w-0,t1v-n-8132e94c-w-0,0.10.1,0.0002,/tmp/v5e-cce-full/core/runs/exp0049_fsdp1_tp4_b32_l512_tc128_vc8192_r0/runner.log,32.0,16,cce,1,13,0.9453260027445279,10,10,39.18775879900022,3.91875106700013,"fsdp=1,tp=4",google/gemma-3-270m-it,Gemma3 270M,gs://gemma-data/checkpoints/gemma3-270m-it,270m,gcs,2048,3.920246612000028,core,False,,0,0,/tmp/v5e-cce-full/core/runs/exp0049_fsdp1_tp4_b32_l512_tc128_vc8192_r0,20260609T171229Z,63.609135104,67.637338112,4.028203008,0,512,b32/L512,success,3.9187758799000223,13,t1v-n-8132e94c-w-0,7.4280480150833155,,,485.2777821773727,2026-06-09T18:11:32+00:00,2026-06-09T17:12:29+00:00,128,4,gs://gemma-data/tokenizers/tokenizer_gemma3.model,sentencepiece,922.5329824404841,4,v5litepod-4,,,0.1.0,8192,32,262144,3,/tmp/v5e-cce-full/core/runs/exp0049_fsdp1_tp4_b32_l512_tc128_vc8192_r0/xla,2.77,/tmp/v5e-cce-full/core/runs/exp0049_fsdp1_tp4_b32_l512_tc128_vc8192_r0/xla/module_0965.jit__train_step.cl_914450892.after_optimizations-memory-usage-report.txt,/private/tmp/v5e-cce-full-local/combined/core/results/shard_1.jsonl,,,,,
False,tpu-v5e,123.81300276399998,8763.913108693781,exp0050_fsdp1_tp4_b32_l512_tc128_vc32768_r0,True,32,4,128/32768,"max(first_step_time - steady_median, 0)",41.28187858850015,synthetic,151.59551901999976,False,50,0.02902385964989662,43.15090884600022,1,32,0.1.7,t1v-n-402a6d5e-w-0,t1v-n-402a6d5e-w-0,0.10.1,0.0002,/tmp/v5e-cce-full/core/runs/exp0050_fsdp1_tp4_b32_l512_tc128_vc32768_r0/runner.log,32.0,16,cce,1,13,0.9238219713935485,10,10,18.69484532399929,1.8690302575000715,"fsdp=1,tp=4",google/gemma-3-270m-it,Gemma3 270M,gs://gemma-data/checkpoints/gemma3-270m-it,270m,gcs,2048,1.8727649319998818,core,False,,0,0,/tmp/v5e-cce-full/core/runs/exp0050_fsdp1_tp4_b32_l512_tc128_vc32768_r0,20260609T171229Z,63.608182784,67.637338112,4.029155328,0,512,b32/L512,success,1.869484532399929,13,t1v-n-402a6d5e-w-0,5.399523513333254,,,667.5897711650894,2026-06-09T17:58:10+00:00,2026-06-09T17:12:29+00:00,128,4,gs://gemma-data/tokenizers/tokenizer_gemma3.model,sentencepiece,1933.7950848724217,4,v5litepod-4,,,0.1.0,32768,8,262144,3,/tmp/v5e-cce-full/core/runs/exp0050_fsdp1_tp4_b32_l512_tc128_vc32768_r0/xla,2.77,/tmp/v5e-cce-full/core/runs/exp0050_fsdp1_tp4_b32_l512_tc128_vc32768_r0/xla/module_0965.jit__train_step.cl_914450892.after_optimizations-memory-usage-report.txt,/private/tmp/v5e-cce-full-local/combined/core/results/shard_0.jsonl,,,,,
False,tpu-v5e,115.80806823700004,13396.5459920152,exp0051_fsdp1_tp4_b32_l512_tc256_vc32768_r0,True,16,4,256/32768,"max(first_step_time - steady_median, 0)",42.07282123100026,synthetic,141.59751015099982,False,51,0.030776208266615868,43.295841782000025,1,32,0.1.7,t1v-n-8132e94c-w-0,t1v-n-8132e94c-w-0,0.10.1,0.0002,/tmp/v5e-cce-full/core/runs/exp0051_fsdp1_tp4_b32_l512_tc256_vc32768_r0/runner.log,32.0,16,cce,1,13,0.9235476655169175,10,10,12.230018102998656,1.2230205509997631,"fsdp=1,tp=4",google/gemma-3-270m-it,Gemma3 270M,gs://gemma-data/checkpoints/gemma3-270m-it,270m,gcs,2048,1.2237878060000185,core,False,,0,0,/tmp/v5e-cce-full/core/runs/exp0051_fsdp1_tp4_b32_l512_tc256_vc32768_r0,20260609T171229Z,63.601717248,67.637338112,4.035620864,0,512,b32/L512,success,1.2230018102998657,13,t1v-n-8132e94c-w-0,4.732118711666582,,,761.7447672603201,2026-06-09T18:13:54+00:00,2026-06-09T17:12:29+00:00,256,2,gs://gemma-data/tokenizers/tokenizer_gemma3.model,sentencepiece,2956.0054364217135,4,v5litepod-4,,,0.1.0,32768,8,262144,3,/tmp/v5e-cce-full/core/runs/exp0051_fsdp1_tp4_b32_l512_tc256_vc32768_r0/xla,2.77,/tmp/v5e-cce-full/core/runs/exp0051_fsdp1_tp4_b32_l512_tc256_vc32768_r0/xla/module_0966.jit__train_step.cl_914450892.after_optimizations-memory-usage-report.txt,/private/tmp/v5e-cce-full-local/combined/core/results/shard_1.jsonl,,,,,
False,tpu-v5e,112.01576933800015,17405.76292605926,exp0052_fsdp1_tp4_b32_l512_tc512_vc32768_r0,True,8,4,512/32768,"max(first_step_time - steady_median, 0)",42.34169900000006,synthetic,143.10955593000017,False,52,0.02961309440433979,43.28308769000023,1,32,0.1.7,t1v-n-402a6d5e-w-0,t1v-n-402a6d5e-w-0,0.10.1,0.0002,/tmp/v5e-cce-full/core/runs/exp0052_fsdp1_tp4_b32_l512_tc512_vc32768_r0/runner.log,32.0,16,cce,1,13,0.904485997528984,10,10,9.412974352000674,0.9413886900001671,"fsdp=1,tp=4",google/gemma-3-270m-it,Gemma3 270M,gs://gemma-data/checkpoints/gemma3-270m-it,270m,gcs,2048,0.9418360999998185,core,False,,0,0,/tmp/v5e-cce-full/core/runs/exp0052_fsdp1_tp4_b32_l512_tc512_vc32768_r0,20260609T171229Z,63.599798272,67.637338112,4.03753984,0,512,b32/L512,success,0.9412974352000674,13,t1v-n-402a6d5e-w-0,4.496995391083412,,,801.5722395032817,2026-06-09T18:00:33+00:00,2026-06-09T17:12:29+00:00,512,1,gs://gemma-data/tokenizers/tokenizer_gemma3.model,sentencepiece,3840.656380022548,4,v5litepod-4,,,0.1.0,32768,8,262144,3,/tmp/v5e-cce-full/core/runs/exp0052_fsdp1_tp4_b32_l512_tc512_vc32768_r0/xla,2.85,/tmp/v5e-cce-full/core/runs/exp0052_fsdp1_tp4_b32_l512_tc512_vc32768_r0/xla/module_0969.jit__train_step.cl_914450892.after_optimizations-memory-usage-report.txt,/private/tmp/v5e-cce-full-local/combined/core/results/shard_0.jsonl,,,,,
False,tpu-v5e,110.87302449900017,19320.37133519357,exp0053_fsdp1_tp4_b32_l512_tc512_vc65536_r0,True,4,4,512/65536,"max(first_step_time - steady_median, 0)",42.40417319949984,synthetic,137.65875953400018,False,53,0.03269743546843529,43.252216767999926,1,32,0.1.7,t1v-n-8132e94c-w-0,t1v-n-8132e94c-w-0,0.10.1,0.0002,/tmp/v5e-cce-full/core/runs/exp0053_fsdp1_tp4_b32_l512_tc512_vc65536_r0/runner.log,32.0,16,cce,1,13,0.943163853425246,10,10,8.48016827200172,0.8480435685000884,"fsdp=1,tp=4",google/gemma-3-270m-it,Gemma3 270M,gs://gemma-data/checkpoints/gemma3-270m-it,270m,gcs,2048,0.8487716480003655,core,False,,0,0,/tmp/v5e-cce-full/core/runs/exp0053_fsdp1_tp4_b32_l512_tc512_vc65536_r0,20260609T171229Z,63.59867392,67.637338112,4.038664192,0,512,b32/L512,success,0.848016827200172,13,t1v-n-8132e94c-w-0,4.385977143833467,,,821.8617079969748,2026-06-09T18:16:12+00:00,2026-06-09T17:12:29+00:00,512,1,gs://gemma-data/tokenizers/tokenizer_gemma3.model,sentencepiece,4263.122952331042,4,v5litepod-4,,,0.1.0,65536,4,262144,3,/tmp/v5e-cce-full/core/runs/exp0053_fsdp1_tp4_b32_l512_tc512_vc65536_r0/xla,2.91,/tmp/v5e-cce-full/core/runs/exp0053_fsdp1_tp4_b32_l512_tc512_vc65536_r0/xla/module_0967.jit__train_step.cl_914450892.after_optimizations-memory-usage-report.txt,/private/tmp/v5e-cce-full-local/combined/core/results/shard_1.jsonl,,,,,
