allow_download,backend,benchmark_wall_time_sec,capacity_tokens_per_sec,case_name,cce_enabled,cce_loop_count,chips,chunk_configuration,compile_time_estimate_method,compile_time_sec,dataset_mode,elapsed_sec,enable_gemma4_hf_loader,experiment_id,final_loss,first_step_time_sec,fsdp_degree,global_batch_size,google_tunix_version,hostname,hostname_manifest,jax_version,learning_rate,log_path,lora_alpha,lora_rank,loss_impl,max_inflight,max_steps,mean_loss,measured_step_count,measured_steps,measured_time_sec,median_step_time_sec,mesh_configuration,model_id,model_name,model_path,model_size,model_source,num_examples,p95_step_time_sec,preset,profiler_enabled,profiler_path,repeat_index,returncode,run_dir,run_id,runtime_hbm_headroom_gb,runtime_hbm_limit_gb,runtime_hbm_peak_gb,seed,sequence_length,shape,source_file,status,steady_state_mean_step_time_sec,steps_recorded,summary_hostname,summary_mean_step_time_sec_excl_first,summary_tpu_name,summary_tpu_zone,summary_valid_tokens_per_sec_excl_first,timestamp,timestamp_manifest,token_chunk,token_loop_count,tokenizer_path,tokenizer_source,tokens_per_sec,tp_degree,tpu_type,tpu_worker_id,tpu_worker_id_manifest,tunix_accel_version,vocab_chunk,vocab_loop_count,vocab_size,warmup_steps,xla_dir,xla_planned_hbm_gib_per_chip,xla_report_path,error_message,failure_type,oom_exceeded_gib,oom_limit_gib,oom_used_gib,ok,default_step_time_sec,default_tokens_per_sec,default_xla_hbm_gib,default_runtime_hbm_gb,cce_to_default_step_time_ratio,speedup_vs_default_x,xla_hbm_saving_gib,xla_hbm_saving_pct,runtime_hbm_saving_gb
False,tpu-v5e,111.59510833899958,19233.015600432227,exp0047_fsdp1_tp4_b16_l1024_tc512_vc65536_r0,True,8.0,4,512/65536,"max(first_step_time - steady_median, 0)",42.371351409499994,synthetic,138.63104875,False,47,0.03744874522089958,43.22316959799991,1,16,0.1.7,t1v-n-8132e94c-w-0,t1v-n-8132e94c-w-0,0.10.1,0.0002,/tmp/v5e-cce-full/core/runs/exp0047_fsdp1_tp4_b16_l1024_tc512_vc65536_r0/runner.log,32.0,16,cce,1,13,0.946983646028317,10,10,8.518684922000375,0.8518181884999194,"fsdp=1,tp=4",google/gemma-3-270m-it,Gemma3 270M,gs://gemma-data/checkpoints/gemma3-270m-it,270m,gcs,2048,0.8546811520000119,core,False,,0,0,/tmp/v5e-cce-full/core/runs/exp0047_fsdp1_tp4_b16_l1024_tc512_vc65536_r0,20260609T171229Z,63.603494912,67.637338112,4.0338432,0,1024,b16/L1024,/private/tmp/v5e-cce-full-local/combined/core/results/shard_1.jsonl,success,0.8518684922000375,13,t1v-n-8132e94c-w-0,4.423088025500003,,,405.59898190070487,2026-06-09T18:08:34+00:00,2026-06-09T17:12:29+00:00,512.0,2.0,gs://gemma-data/tokenizers/tokenizer_gemma3.model,sentencepiece,2110.1848659263287,4,v5litepod-4,,,0.1.0,65536.0,4.0,262144,3,/tmp/v5e-cce-full/core/runs/exp0047_fsdp1_tp4_b16_l1024_tc512_vc65536_r0/xla,3.2,/tmp/v5e-cce-full/core/runs/exp0047_fsdp1_tp4_b16_l1024_tc512_vc65536_r0/xla/module_0974.jit__train_step.cl_914450892.after_optimizations-memory-usage-report.txt,,,,,,True,0.10495301910000307,17127.6635528434,6.86,4.044445696,8.116664956425371,0.12320331138078738,3.66,53.352769679300295,0.010602496000000627
False,tpu-v5e,112.27437371499991,17327.126191991643,exp0046_fsdp1_tp4_b16_l1024_tc512_vc32768_r0,True,16.0,4,512/32768,"max(first_step_time - steady_median, 0)",42.46208159799994,synthetic,141.0001239789999,False,46,0.03727341815829277,43.40780623699993,1,16,0.1.7,t1v-n-402a6d5e-w-0,t1v-n-402a6d5e-w-0,0.10.1,0.0002,/tmp/v5e-cce-full/core/runs/exp0046_fsdp1_tp4_b16_l1024_tc512_vc32768_r0/runner.log,32.0,16,cce,1,13,0.9484327389643743,10,10,9.455693817000338,0.9457246389999909,"fsdp=1,tp=4",google/gemma-3-270m-it,Gemma3 270M,gs://gemma-data/checkpoints/gemma3-270m-it,270m,gcs,2048,0.9459375589999581,core,False,,0,0,/tmp/v5e-cce-full/core/runs/exp0046_fsdp1_tp4_b16_l1024_tc512_vc32768_r0,20260609T171229Z,63.604629504,67.637338112,4.032708608,0,1024,b16/L1024,/private/tmp/v5e-cce-full-local/combined/core/results/shard_0.jsonl,success,0.9455693817000338,13,t1v-n-402a6d5e-w-0,4.499429475833343,,,398.7172172906948,2026-06-09T17:53:29+00:00,2026-06-09T17:12:29+00:00,512.0,2.0,gs://gemma-data/tokenizers/tokenizer_gemma3.model,sentencepiece,1901.0767848342396,4,v5litepod-4,,,0.1.0,32768.0,8.0,262144,3,/tmp/v5e-cce-full/core/runs/exp0046_fsdp1_tp4_b16_l1024_tc512_vc32768_r0/xla,3.13,/tmp/v5e-cce-full/core/runs/exp0046_fsdp1_tp4_b16_l1024_tc512_vc32768_r0/xla/module_0976.jit__train_step.cl_914450892.after_optimizations-memory-usage-report.txt,,,,,,True,0.10495301910000307,17127.6635528434,6.86,4.044445696,9.009453847145272,0.11099451941993789,3.7300000000000004,54.3731778425656,0.011737088000000284
False,tpu-v5e,116.35457064100001,13335.848320434274,exp0045_fsdp1_tp4_b16_l1024_tc256_vc32768_r0,True,32.0,4,256/32768,"max(first_step_time - steady_median, 0)",41.992203248999886,synthetic,144.5769126340001,False,45,0.03235166519880295,43.22094337999988,1,16,0.1.7,t1v-n-8132e94c-w-0,t1v-n-8132e94c-w-0,0.10.1,0.0002,/tmp/v5e-cce-full/core/runs/exp0045_fsdp1_tp4_b16_l1024_tc256_vc32768_r0/runner.log,32.0,16,cce,1,13,0.9338968937786726,10,10,12.28568262500039,1.228740130999995,"fsdp=1,tp=4",google/gemma-3-270m-it,Gemma3 270M,gs://gemma-data/checkpoints/gemma3-270m-it,270m,gcs,2048,1.2291154750000715,core,False,,0,0,/tmp/v5e-cce-full/core/runs/exp0045_fsdp1_tp4_b16_l1024_tc256_vc32768_r0,20260609T171229Z,63.606552576,67.637338112,4.030785536,0,1024,b16/L1024,/private/tmp/v5e-cce-full-local/combined/core/results/shard_1.jsonl,success,1.2285682625000391,13,t1v-n-8132e94c-w-0,4.767903575833391,,,376.2659985602631,2026-06-09T18:06:15+00:00,2026-06-09T17:12:29+00:00,256.0,4.0,gs://gemma-data/tokenizers/tokenizer_gemma3.model,sentencepiece,1463.1665613288972,4,v5litepod-4,,,0.1.0,32768.0,8.0,262144,3,/tmp/v5e-cce-full/core/runs/exp0045_fsdp1_tp4_b16_l1024_tc256_vc32768_r0/xla,3.06,/tmp/v5e-cce-full/core/runs/exp0045_fsdp1_tp4_b16_l1024_tc256_vc32768_r0/xla/module_0973.jit__train_step.cl_914450892.after_optimizations-memory-usage-report.txt,,,,,,True,0.10495301910000307,17127.6635528434,6.86,4.044445696,11.705887768025182,0.0854270961602345,3.8000000000000003,55.39358600583091,0.013660160000000587
False,tpu-v5e,124.2184525169996,8756.075642361957,exp0044_fsdp1_tp4_b16_l1024_tc128_vc32768_r0,True,64.0,4,128/32768,"max(first_step_time - steady_median, 0)",41.32000495550005,synthetic,152.05490593199966,False,44,0.034872349351644516,43.191212910000104,1,16,0.1.7,t1v-n-402a6d5e-w-0,t1v-n-402a6d5e-w-0,0.10.1,0.0002,/tmp/v5e-cce-full/core/runs/exp0044_fsdp1_tp4_b16_l1024_tc128_vc32768_r0/runner.log,32.0,16,cce,1,13,0.9341226125565859,10,10,18.71157887299887,1.8712079545000506,"fsdp=1,tp=4",google/gemma-3-270m-it,Gemma3 270M,gs://gemma-data/checkpoints/gemma3-270m-it,270m,gcs,2048,1.872072628999831,core,False,,0,0,/tmp/v5e-cce-full/core/runs/exp0044_fsdp1_tp4_b16_l1024_tc128_vc32768_r0,20260609T171229Z,63.613005824,67.637338112,4.024332288,0,1024,b16/L1024,/private/tmp/v5e-cce-full-local/combined/core/results/shard_0.jsonl,success,1.871157887299887,13,t1v-n-402a6d5e-w-0,5.408406685166597,,,331.705824733988,2026-06-09T17:51:07+00:00,2026-06-09T17:12:29+00:00,128.0,8.0,gs://gemma-data/tokenizers/tokenizer_gemma3.model,sentencepiece,960.6885726751619,4,v5litepod-4,,,0.1.0,32768.0,8.0,262144,3,/tmp/v5e-cce-full/core/runs/exp0044_fsdp1_tp4_b16_l1024_tc128_vc32768_r0/xla,3.06,/tmp/v5e-cce-full/core/runs/exp0044_fsdp1_tp4_b16_l1024_tc128_vc32768_r0/xla/module_0972.jit__train_step.cl_914450892.after_optimizations-memory-usage-report.txt,,,,,,True,0.10495301910000307,17127.6635528434,6.86,4.044445696,17.82852845345001,0.056089878792351444,3.8000000000000003,55.39358600583091,0.020113408000000277
False,tpu-v5e,149.84974803900013,4184.4864656732725,exp0043_fsdp1_tp4_b16_l1024_tc128_vc8192_r0,True,256.0,4,128/8192,"max(first_step_time - steady_median, 0)",39.25563359900002,synthetic,176.6634019889998,False,43,0.0386296883225441,43.17114587700007,1,16,0.1.7,t1v-n-8132e94c-w-0,t1v-n-8132e94c-w-0,0.10.1,0.0002,/tmp/v5e-cce-full/core/runs/exp0043_fsdp1_tp4_b16_l1024_tc128_vc8192_r0/runner.log,32.0,16,cce,1,13,0.9488787688314915,10,10,39.15414743100109,3.915512278000051,"fsdp=1,tp=4",google/gemma-3-270m-it,Gemma3 270M,gs://gemma-data/checkpoints/gemma3-270m-it,270m,gcs,2048,3.9165995130001647,core,False,,0,0,/tmp/v5e-cce-full/core/runs/exp0043_fsdp1_tp4_b16_l1024_tc128_vc8192_r0,20260609T171229Z,63.613949952,67.637338112,4.02338816,0,1024,b16/L1024,/private/tmp/v5e-cce-full-local/combined/core/results/shard_1.jsonl,success,3.915414743100109,13,t1v-n-8132e94c-w-0,7.434508605000095,,,241.30713881929486,2026-06-09T18:03:51+00:00,2026-06-09T17:12:29+00:00,128.0,8.0,gs://gemma-data/tokenizers/tokenizer_gemma3.model,sentencepiece,459.10845158046106,4,v5litepod-4,,,0.1.0,8192.0,32.0,262144,3,/tmp/v5e-cce-full/core/runs/exp0043_fsdp1_tp4_b16_l1024_tc128_vc8192_r0/xla,3.06,/tmp/v5e-cce-full/core/runs/exp0043_fsdp1_tp4_b16_l1024_tc128_vc8192_r0/xla/module_0972.jit__train_step.cl_914450892.after_optimizations-memory-usage-report.txt,,,,,,True,0.10495301910000307,17127.6635528434,6.86,4.044445696,37.306356469549094,0.026805083493378377,3.8000000000000003,55.39358600583091,0.02105753600000071
False,tpu-v5e,96.87487103299964,19219.16824496018,exp0041_fsdp1_tp4_b16_l512_tc512_vc65536_r0,True,4.0,4,512/65536,"max(first_step_time - steady_median, 0)",38.58706667599972,synthetic,123.60855190400025,False,41,0.02920311875641346,39.01339188699967,1,16,0.1.7,t1v-n-8132e94c-w-0,t1v-n-8132e94c-w-0,0.10.1,0.0002,/tmp/v5e-cce-full/core/runs/exp0041_fsdp1_tp4_b16_l512_tc512_vc65536_r0/runner.log,32.0,16,cce,1,13,0.9313168034244043,10,10,4.262411304999205,0.42632521099994847,"fsdp=1,tp=4",google/gemma-3-270m-it,Gemma3 270M,gs://gemma-data/checkpoints/gemma3-270m-it,270m,gcs,2048,0.42650752600002306,core,False,,0,0,/tmp/v5e-cce-full/core/runs/exp0041_fsdp1_tp4_b16_l512_tc512_vc65536_r0,20260609T171229Z,64.055939072,67.637338112,3.58139904,0,512,b16/L512,/private/tmp/v5e-cce-full-local/combined/core/results/shard_1.jsonl,success,0.42624113049992046,13,t1v-n-8132e94c-w-0,3.5825407027499523,,,500.76193094552383,2026-06-09T18:00:54+00:00,2026-06-09T17:12:29+00:00,512.0,1.0,gs://gemma-data/tokenizers/tokenizer_gemma3.model,sentencepiece,4217.3311568774925,4,v5litepod-4,,,0.1.0,65536.0,4.0,262144,3,/tmp/v5e-cce-full/core/runs/exp0041_fsdp1_tp4_b16_l512_tc512_vc65536_r0/xla,1.78,/tmp/v5e-cce-full/core/runs/exp0041_fsdp1_tp4_b16_l512_tc512_vc65536_r0/xla/module_0951.jit__train_step.cl_914450892.after_optimizations-memory-usage-report.txt,,,,,,True,0.05303919769999084,33891.915374887176,3.47,3.576215552,8.036341969403397,0.12443472463059436,1.6900000000000002,48.70317002881844,-0.005183488000000125
False,tpu-v5e,97.633883341,17314.71454009861,exp0040_fsdp1_tp4_b16_l512_tc512_vc32768_r0,True,8.0,4,512/32768,"max(first_step_time - steady_median, 0)",38.23061390549992,synthetic,126.47413631500012,False,40,0.03400148078799248,38.703586705999896,1,16,0.1.7,t1v-n-402a6d5e-w-0,t1v-n-402a6d5e-w-0,0.10.1,0.0002,/tmp/v5e-cce-full/core/runs/exp0040_fsdp1_tp4_b16_l512_tc512_vc32768_r0/runner.log,32.0,16,cce,1,13,0.9353401746887428,10,10,4.731235956000546,0.47297280049997426,"fsdp=1,tp=4",google/gemma-3-270m-it,Gemma3 270M,gs://gemma-data/checkpoints/gemma3-270m-it,270m,gcs,2048,0.4742881360002684,core,False,,0,0,/tmp/v5e-cce-full/core/runs/exp0040_fsdp1_tp4_b16_l512_tc512_vc32768_r0,20260609T171229Z,64.057079808,67.637338112,3.580258304,0,512,b16/L512,/private/tmp/v5e-cce-full-local/combined/core/results/shard_0.jsonl,success,0.4731235956000546,13,t1v-n-402a6d5e-w-0,3.6960387390000355,,,485.38452291367685,2026-06-09T17:46:24+00:00,2026-06-09T17:12:29+00:00,512.0,1.0,gs://gemma-data/tokenizers/tokenizer_gemma3.model,sentencepiece,3799.4300362892163,4,v5litepod-4,,,0.1.0,32768.0,8.0,262144,3,/tmp/v5e-cce-full/core/runs/exp0040_fsdp1_tp4_b16_l512_tc512_vc32768_r0/xla,1.71,/tmp/v5e-cce-full/core/runs/exp0040_fsdp1_tp4_b16_l512_tc512_vc32768_r0/xla/module_0953.jit__train_step.cl_914450892.after_optimizations-memory-usage-report.txt,,,,,,True,0.05303919769999084,33891.915374887176,3.47,3.576215552,8.920263052925787,0.11210431733535109,1.7600000000000002,50.720461095100866,-0.004042752000000149
False,tpu-v5e,99.15426771000011,13334.597209636018,exp0039_fsdp1_tp4_b16_l512_tc256_vc32768_r0,True,16.0,4,256/32768,"max(first_step_time - steady_median, 0)",38.06883053299998,synthetic,126.12288847599984,False,39,0.038606561720371246,38.68290927899989,1,16,0.1.7,t1v-n-8132e94c-w-0,t1v-n-8132e94c-w-0,0.10.1,0.0002,/tmp/v5e-cce-full/core/runs/exp0039_fsdp1_tp4_b16_l512_tc256_vc32768_r0/runner.log,32.0,16,cce,1,13,0.9530486630705687,10,10,6.143417661000058,0.6140787459999046,"fsdp=1,tp=4",google/gemma-3-270m-it,Gemma3 270M,gs://gemma-data/checkpoints/gemma3-270m-it,270m,gcs,2048,0.6182876560001205,core,False,,0,0,/tmp/v5e-cce-full/core/runs/exp0039_fsdp1_tp4_b16_l512_tc256_vc32768_r0,20260609T171229Z,64.058904576,67.637338112,3.578433536,0,512,b16/L512,/private/tmp/v5e-cce-full-local/combined/core/results/shard_1.jsonl,success,0.6143417661000058,13,t1v-n-8132e94c-w-0,3.8300738581666565,,,468.3982780579419,2026-06-09T17:58:50+00:00,2026-06-09T17:12:29+00:00,256.0,2.0,gs://gemma-data/tokenizers/tokenizer_gemma3.model,sentencepiece,2926.0585869191536,4,v5litepod-4,,,0.1.0,32768.0,8.0,262144,3,/tmp/v5e-cce-full/core/runs/exp0039_fsdp1_tp4_b16_l512_tc256_vc32768_r0/xla,1.64,/tmp/v5e-cce-full/core/runs/exp0039_fsdp1_tp4_b16_l512_tc256_vc32768_r0/xla/module_0951.jit__train_step.cl_914450892.after_optimizations-memory-usage-report.txt,,,,,,True,0.05303919769999084,33891.915374887176,3.47,3.576215552,11.58278768798405,0.0863350021547401,1.8300000000000003,52.73775216138329,-0.0022179840000000617
False,tpu-v5e,102.94386716999998,8741.825866593039,exp0038_fsdp1_tp4_b16_l512_tc128_vc32768_r0,True,32.0,4,128/32768,"max(first_step_time - steady_median, 0)",37.71229337649993,synthetic,130.3084246919998,False,38,0.037802938371896744,38.6495057369998,1,16,0.1.7,t1v-n-402a6d5e-w-0,t1v-n-402a6d5e-w-0,0.10.1,0.0002,/tmp/v5e-cce-full/core/runs/exp0038_fsdp1_tp4_b16_l512_tc128_vc32768_r0/runner.log,32.0,16,cce,1,13,0.9531509263011125,10,10,9.37104001499938,0.9372123604998706,"fsdp=1,tp=4",google/gemma-3-270m-it,Gemma3 270M,gs://gemma-data/checkpoints/gemma3-270m-it,270m,gcs,2048,0.9375692649996381,core,False,,0,0,/tmp/v5e-cce-full/core/runs/exp0038_fsdp1_tp4_b16_l512_tc128_vc32768_r0,20260609T171229Z,64.065458176,67.637338112,3.571879936,0,512,b16/L512,/private/tmp/v5e-cce-full-local/combined/core/results/shard_0.jsonl,success,0.937104001499938,13,t1v-n-402a6d5e-w-0,4.094401539166597,,,438.1592725673807,2026-06-09T17:44:18+00:00,2026-06-09T17:12:29+00:00,128.0,4.0,gs://gemma-data/tokenizers/tokenizer_gemma3.model,sentencepiece,1918.2502658432186,4,v5litepod-4,,,0.1.0,32768.0,8.0,262144,3,/tmp/v5e-cce-full/core/runs/exp0038_fsdp1_tp4_b16_l512_tc128_vc32768_r0/xla,1.64,/tmp/v5e-cce-full/core/runs/exp0038_fsdp1_tp4_b16_l512_tc128_vc32768_r0/xla/module_0949.jit__train_step.cl_914450892.after_optimizations-memory-usage-report.txt,,,,,,True,0.05303919769999084,33891.915374887176,3.47,3.576215552,17.668140585393882,0.05659905156214867,1.8300000000000003,52.73775216138329,0.0043356159999996535
False,tpu-v5e,115.47382603100004,4175.662302029854,exp0037_fsdp1_tp4_b16_l512_tc128_vc8192_r0,True,128.0,4,128/8192,"max(first_step_time - steady_median, 0)",36.4909891865002,synthetic,142.054983299,False,37,0.02761426568031311,38.45280128200011,1,16,0.1.7,t1v-n-8132e94c-w-0,t1v-n-8132e94c-w-0,0.10.1,0.0002,/tmp/v5e-cce-full/core/runs/exp0037_fsdp1_tp4_b16_l512_tc128_vc8192_r0/runner.log,32.0,16,cce,1,13,0.9186415027540463,10,10,19.61844470999904,1.9618120954999085,"fsdp=1,tp=4",google/gemma-3-270m-it,Gemma3 270M,gs://gemma-data/checkpoints/gemma3-270m-it,270m,gcs,2048,1.9622891959998014,core,False,,0,0,/tmp/v5e-cce-full/core/runs/exp0037_fsdp1_tp4_b16_l512_tc128_vc8192_r0,20260609T171229Z,64.066400256,67.637338112,3.570937856,0,512,b16/L512,/private/tmp/v5e-cce-full-local/combined/core/results/shard_1.jsonl,success,1.9618444709999039,13,t1v-n-8132e94c-w-0,5.107640096249952,,,351.23853016134814,2026-06-09T17:56:44+00:00,2026-06-09T17:12:29+00:00,128.0,4.0,gs://gemma-data/tokenizers/tokenizer_gemma3.model,sentencepiece,916.2805852208088,4,v5litepod-4,,,0.1.0,8192.0,32.0,262144,3,/tmp/v5e-cce-full/core/runs/exp0037_fsdp1_tp4_b16_l512_tc128_vc8192_r0/xla,1.64,/tmp/v5e-cce-full/core/runs/exp0037_fsdp1_tp4_b16_l512_tc128_vc8192_r0/xla/module_0949.jit__train_step.cl_914450892.after_optimizations-memory-usage-report.txt,,,,,,True,0.05303919769999084,33891.915374887176,3.47,3.576215552,36.98857743091847,0.0270353733356641,1.8300000000000003,52.73775216138329,0.005277695999999832
False,tpu-v5e,110.87302449900017,19320.37133519357,exp0053_fsdp1_tp4_b32_l512_tc512_vc65536_r0,True,4.0,4,512/65536,"max(first_step_time - steady_median, 0)",42.40417319949984,synthetic,137.65875953400018,False,53,0.03269743546843529,43.252216767999926,1,32,0.1.7,t1v-n-8132e94c-w-0,t1v-n-8132e94c-w-0,0.10.1,0.0002,/tmp/v5e-cce-full/core/runs/exp0053_fsdp1_tp4_b32_l512_tc512_vc65536_r0/runner.log,32.0,16,cce,1,13,0.943163853425246,10,10,8.48016827200172,0.8480435685000884,"fsdp=1,tp=4",google/gemma-3-270m-it,Gemma3 270M,gs://gemma-data/checkpoints/gemma3-270m-it,270m,gcs,2048,0.8487716480003655,core,False,,0,0,/tmp/v5e-cce-full/core/runs/exp0053_fsdp1_tp4_b32_l512_tc512_vc65536_r0,20260609T171229Z,63.59867392,67.637338112,4.038664192,0,512,b32/L512,/private/tmp/v5e-cce-full-local/combined/core/results/shard_1.jsonl,success,0.848016827200172,13,t1v-n-8132e94c-w-0,4.385977143833467,,,821.8617079969748,2026-06-09T18:16:12+00:00,2026-06-09T17:12:29+00:00,512.0,1.0,gs://gemma-data/tokenizers/tokenizer_gemma3.model,sentencepiece,4263.122952331042,4,v5litepod-4,,,0.1.0,65536.0,4.0,262144,3,/tmp/v5e-cce-full/core/runs/exp0053_fsdp1_tp4_b32_l512_tc512_vc65536_r0/xla,2.91,/tmp/v5e-cce-full/core/runs/exp0053_fsdp1_tp4_b32_l512_tc512_vc65536_r0/xla/module_0967.jit__train_step.cl_914450892.after_optimizations-memory-usage-report.txt,,,,,,True,0.10063765579993741,35922.9353194279,6.59,4.047713792,8.426436610228548,0.11867412599842453,3.6799999999999997,55.8421851289833,0.009049599999999991
False,tpu-v5e,112.01576933800015,17405.76292605926,exp0052_fsdp1_tp4_b32_l512_tc512_vc32768_r0,True,8.0,4,512/32768,"max(first_step_time - steady_median, 0)",42.34169900000006,synthetic,143.10955593000017,False,52,0.02961309440433979,43.28308769000023,1,32,0.1.7,t1v-n-402a6d5e-w-0,t1v-n-402a6d5e-w-0,0.10.1,0.0002,/tmp/v5e-cce-full/core/runs/exp0052_fsdp1_tp4_b32_l512_tc512_vc32768_r0/runner.log,32.0,16,cce,1,13,0.904485997528984,10,10,9.412974352000674,0.9413886900001671,"fsdp=1,tp=4",google/gemma-3-270m-it,Gemma3 270M,gs://gemma-data/checkpoints/gemma3-270m-it,270m,gcs,2048,0.9418360999998185,core,False,,0,0,/tmp/v5e-cce-full/core/runs/exp0052_fsdp1_tp4_b32_l512_tc512_vc32768_r0,20260609T171229Z,63.599798272,67.637338112,4.03753984,0,512,b32/L512,/private/tmp/v5e-cce-full-local/combined/core/results/shard_0.jsonl,success,0.9412974352000674,13,t1v-n-402a6d5e-w-0,4.496995391083412,,,801.5722395032817,2026-06-09T18:00:33+00:00,2026-06-09T17:12:29+00:00,512.0,1.0,gs://gemma-data/tokenizers/tokenizer_gemma3.model,sentencepiece,3840.656380022548,4,v5litepod-4,,,0.1.0,32768.0,8.0,262144,3,/tmp/v5e-cce-full/core/runs/exp0052_fsdp1_tp4_b32_l512_tc512_vc32768_r0/xla,2.85,/tmp/v5e-cce-full/core/runs/exp0052_fsdp1_tp4_b32_l512_tc512_vc32768_r0/xla/module_0969.jit__train_step.cl_914450892.after_optimizations-memory-usage-report.txt,,,,,,True,0.10063765579993741,35922.9353194279,6.59,4.047713792,9.353332286190362,0.10691376820605854,3.7399999999999998,56.75265553869499,0.010173951999999709
False,tpu-v5e,115.80806823700004,13396.5459920152,exp0051_fsdp1_tp4_b32_l512_tc256_vc32768_r0,True,16.0,4,256/32768,"max(first_step_time - steady_median, 0)",42.07282123100026,synthetic,141.59751015099982,False,51,0.030776208266615868,43.295841782000025,1,32,0.1.7,t1v-n-8132e94c-w-0,t1v-n-8132e94c-w-0,0.10.1,0.0002,/tmp/v5e-cce-full/core/runs/exp0051_fsdp1_tp4_b32_l512_tc256_vc32768_r0/runner.log,32.0,16,cce,1,13,0.9235476655169175,10,10,12.230018102998656,1.2230205509997631,"fsdp=1,tp=4",google/gemma-3-270m-it,Gemma3 270M,gs://gemma-data/checkpoints/gemma3-270m-it,270m,gcs,2048,1.2237878060000185,core,False,,0,0,/tmp/v5e-cce-full/core/runs/exp0051_fsdp1_tp4_b32_l512_tc256_vc32768_r0,20260609T171229Z,63.601717248,67.637338112,4.035620864,0,512,b32/L512,/private/tmp/v5e-cce-full-local/combined/core/results/shard_1.jsonl,success,1.2230018102998657,13,t1v-n-8132e94c-w-0,4.732118711666582,,,761.7447672603201,2026-06-09T18:13:54+00:00,2026-06-09T17:12:29+00:00,256.0,2.0,gs://gemma-data/tokenizers/tokenizer_gemma3.model,sentencepiece,2956.0054364217135,4,v5litepod-4,,,0.1.0,32768.0,8.0,262144,3,/tmp/v5e-cce-full/core/runs/exp0051_fsdp1_tp4_b32_l512_tc256_vc32768_r0/xla,2.77,/tmp/v5e-cce-full/core/runs/exp0051_fsdp1_tp4_b32_l512_tc256_vc32768_r0/xla/module_0966.jit__train_step.cl_914450892.after_optimizations-memory-usage-report.txt,,,,,,True,0.10063765579993741,35922.9353194279,6.59,4.047713792,12.152526810949686,0.08228741360183453,3.82,57.96661608497724,0.012092927999999503
False,tpu-v5e,123.81300276399998,8763.913108693781,exp0050_fsdp1_tp4_b32_l512_tc128_vc32768_r0,True,32.0,4,128/32768,"max(first_step_time - steady_median, 0)",41.28187858850015,synthetic,151.59551901999976,False,50,0.02902385964989662,43.15090884600022,1,32,0.1.7,t1v-n-402a6d5e-w-0,t1v-n-402a6d5e-w-0,0.10.1,0.0002,/tmp/v5e-cce-full/core/runs/exp0050_fsdp1_tp4_b32_l512_tc128_vc32768_r0/runner.log,32.0,16,cce,1,13,0.9238219713935485,10,10,18.69484532399929,1.8690302575000715,"fsdp=1,tp=4",google/gemma-3-270m-it,Gemma3 270M,gs://gemma-data/checkpoints/gemma3-270m-it,270m,gcs,2048,1.8727649319998818,core,False,,0,0,/tmp/v5e-cce-full/core/runs/exp0050_fsdp1_tp4_b32_l512_tc128_vc32768_r0,20260609T171229Z,63.608182784,67.637338112,4.029155328,0,512,b32/L512,/private/tmp/v5e-cce-full-local/combined/core/results/shard_0.jsonl,success,1.869484532399929,13,t1v-n-402a6d5e-w-0,5.399523513333254,,,667.5897711650894,2026-06-09T17:58:10+00:00,2026-06-09T17:12:29+00:00,128.0,4.0,gs://gemma-data/tokenizers/tokenizer_gemma3.model,sentencepiece,1933.7950848724217,4,v5litepod-4,,,0.1.0,32768.0,8.0,262144,3,/tmp/v5e-cce-full/core/runs/exp0050_fsdp1_tp4_b32_l512_tc128_vc32768_r0/xla,2.77,/tmp/v5e-cce-full/core/runs/exp0050_fsdp1_tp4_b32_l512_tc128_vc32768_r0/xla/module_0965.jit__train_step.cl_914450892.after_optimizations-memory-usage-report.txt,,,,,,True,0.10063765579993741,35922.9353194279,6.59,4.047713792,18.57639188373356,0.053831767022295175,3.82,57.96661608497724,0.01855846399999983
False,tpu-v5e,150.869216176,4180.89742871899,exp0049_fsdp1_tp4_b32_l512_tc128_vc8192_r0,True,128.0,4,128/8192,"max(first_step_time - steady_median, 0)",39.29021799599991,synthetic,178.35773779400006,False,49,0.0354592427611351,43.20896906300004,1,32,0.1.7,t1v-n-8132e94c-w-0,t1v-n-8132e94c-w-0,0.10.1,0.0002,/tmp/v5e-cce-full/core/runs/exp0049_fsdp1_tp4_b32_l512_tc128_vc8192_r0/runner.log,32.0,16,cce,1,13,0.9453260027445279,10,10,39.18775879900022,3.91875106700013,"fsdp=1,tp=4",google/gemma-3-270m-it,Gemma3 270M,gs://gemma-data/checkpoints/gemma3-270m-it,270m,gcs,2048,3.920246612000028,core,False,,0,0,/tmp/v5e-cce-full/core/runs/exp0049_fsdp1_tp4_b32_l512_tc128_vc8192_r0,20260609T171229Z,63.609135104,67.637338112,4.028203008,0,512,b32/L512,/private/tmp/v5e-cce-full-local/combined/core/results/shard_1.jsonl,success,3.9187758799000223,13,t1v-n-8132e94c-w-0,7.4280480150833155,,,485.2777821773727,2026-06-09T18:11:32+00:00,2026-06-09T17:12:29+00:00,128.0,4.0,gs://gemma-data/tokenizers/tokenizer_gemma3.model,sentencepiece,922.5329824404841,4,v5litepod-4,,,0.1.0,8192.0,32.0,262144,3,/tmp/v5e-cce-full/core/runs/exp0049_fsdp1_tp4_b32_l512_tc128_vc8192_r0/xla,2.77,/tmp/v5e-cce-full/core/runs/exp0049_fsdp1_tp4_b32_l512_tc128_vc8192_r0/xla/module_0965.jit__train_step.cl_914450892.after_optimizations-memory-usage-report.txt,,,,,,True,0.10063765579993741,35922.9353194279,6.59,4.047713792,38.93945907971417,0.02568089089149567,3.82,57.96661608497724,0.019510783999999504
False,tpu-v5e,68.49980879400027,9910.382634590464,exp0029_fsdp2_tp2_b16_l1024_tc512_vc65536_r0,True,8.0,4,512/65536,"max(first_step_time - steady_median, 0)",31.453554627499898,synthetic,94.82723061099978,False,29,0.039014313369989395,33.10662634299979,2,16,0.1.7,t1v-n-8132e94c-w-0,t1v-n-8132e94c-w-0,0.10.1,0.0002,/tmp/v5e-cce-full/core/runs/exp0029_fsdp2_tp2_b16_l1024_tc512_vc65536_r0/runner.log,32.0,16,cce,1,13,0.9213614999674834,10,10,16.532156834000034,1.653071715499891,"fsdp=2,tp=2",google/gemma-3-270m-it,Gemma3 270M,gs://gemma-data/checkpoints/gemma3-270m-it,270m,gcs,2048,1.654022335999798,core,False,,0,0,/tmp/v5e-cce-full/core/runs/exp0029_fsdp2_tp2_b16_l1024_tc512_vc65536_r0,20260609T171229Z,65.138530304,67.637338112,2.498807808,0,1024,b16/L1024,/private/tmp/v5e-cce-full-local/combined/core/results/shard_1.jsonl,success,1.6532156834000034,13,t1v-n-8132e94c-w-0,1.660324818083306,,,1080.511464058587,2026-06-09T17:42:41+00:00,2026-06-09T17:12:29+00:00,512.0,2.0,gs://gemma-data/tokenizers/tokenizer_gemma3.model,sentencepiece,1087.3354384728893,2,v5litepod-4,,,0.1.0,65536.0,4.0,262144,3,/tmp/v5e-cce-full/core/runs/exp0029_fsdp2_tp2_b16_l1024_tc512_vc65536_r0/xla,5.13,/tmp/v5e-cce-full/core/runs/exp0029_fsdp2_tp2_b16_l1024_tc512_vc65536_r0/xla/module_0677.jit__train_step.cl_914450892.after_optimizations-memory-usage-report.txt,,,,,,True,0.30618049720001184,5871.046707542973,12.66,2.532870144,5.399480693638182,0.18520299575813426,7.53,59.47867298578199,0.03406233599999986
False,tpu-v5e,80.40659910199997,6469.811093719226,exp0028_fsdp2_tp2_b16_l1024_tc512_vc32768_r0,True,16.0,4,512/32768,"max(first_step_time - steady_median, 0)",30.715191660000187,synthetic,107.12008602200012,False,28,0.028817730024456978,33.24746846200014,2,16,0.1.7,t1v-n-402a6d5e-w-0,t1v-n-402a6d5e-w-0,0.10.1,0.0002,/tmp/v5e-cce-full/core/runs/exp0028_fsdp2_tp2_b16_l1024_tc512_vc32768_r0/runner.log,32.0,16,cce,1,13,0.9285185507570322,10,10,25.32376875099999,2.5322768019999558,"fsdp=2,tp=2",google/gemma-3-270m-it,Gemma3 270M,gs://gemma-data/checkpoints/gemma3-270m-it,270m,gcs,2048,2.5344647860001714,core,False,,0,0,/tmp/v5e-cce-full/core/runs/exp0028_fsdp2_tp2_b16_l1024_tc512_vc32768_r0,20260609T171229Z,65.13688576,67.637338112,2.500452352,0,1024,b16/L1024,/private/tmp/v5e-cce-full-local/combined/core/results/shard_0.jsonl,success,2.532376875099999,13,t1v-n-402a6d5e-w-0,2.539725053833346,,,706.375675308718,2026-06-09T17:34:04+00:00,2026-06-09T17:12:29+00:00,512.0,2.0,gs://gemma-data/tokenizers/tokenizer_gemma3.model,sentencepiece,709.846949589214,2,v5litepod-4,,,0.1.0,32768.0,8.0,262144,3,/tmp/v5e-cce-full/core/runs/exp0028_fsdp2_tp2_b16_l1024_tc512_vc32768_r0/xla,5.13,/tmp/v5e-cce-full/core/runs/exp0028_fsdp2_tp2_b16_l1024_tc512_vc32768_r0/xla/module_0677.jit__train_step.cl_914450892.after_optimizations-memory-usage-report.txt,,,,,,True,0.30618049720001184,5871.046707542973,12.66,2.532870144,8.270862769700607,0.12090637069489167,7.53,59.47867298578199,0.032417791999999945
False,tpu-v5e,104.62248559199998,3726.5758090540016,exp0027_fsdp2_tp2_b16_l1024_tc256_vc32768_r0,True,32.0,4,256/32768,"max(first_step_time - steady_median, 0)",28.699914190500067,synthetic,129.7899134170002,False,27,0.028817730024456978,33.096345918,2,16,0.1.7,t1v-n-8132e94c-w-0,t1v-n-8132e94c-w-0,0.10.1,0.0002,/tmp/v5e-cce-full/core/runs/exp0027_fsdp2_tp2_b16_l1024_tc256_vc32768_r0/runner.log,32.0,16,cce,1,13,0.9285185507570322,10,10,43.96529371600013,4.39643172749993,"fsdp=2,tp=2",google/gemma-3-270m-it,Gemma3 270M,gs://gemma-data/checkpoints/gemma3-270m-it,270m,gcs,2048,4.399128922000045,core,False,,0,0,/tmp/v5e-cce-full/core/runs/exp0027_fsdp2_tp2_b16_l1024_tc256_vc32768_r0,20260609T171229Z,65.13949696,67.637338112,2.497841152,0,1024,b16/L1024,/private/tmp/v5e-cce-full-local/combined/core/results/shard_1.jsonl,success,4.396529371600013,13,t1v-n-8132e94c-w-0,4.403711222666705,,,407.38366102798807,2026-06-09T17:41:06+00:00,2026-06-09T17:12:29+00:00,256.0,4.0,gs://gemma-data/tokenizers/tokenizer_gemma3.model,sentencepiece,408.8679610812667,2,v5litepod-4,,,0.1.0,32768.0,8.0,262144,3,/tmp/v5e-cce-full/core/runs/exp0027_fsdp2_tp2_b16_l1024_tc256_vc32768_r0/xla,5.13,/tmp/v5e-cce-full/core/runs/exp0027_fsdp2_tp2_b16_l1024_tc256_vc32768_r0/xla/module_0677.jit__train_step.cl_914450892.after_optimizations-memory-usage-report.txt,,,,,,True,0.30618049720001184,5871.046707542973,12.66,2.532870144,14.359273081746904,0.06964140832944889,7.53,59.47867298578199,0.03502899199999998
False,tpu-v5e,153.44295594899995,2006.7393770598653,exp0026_fsdp2_tp2_b16_l1024_tc128_vc32768_r0,True,64.0,4,128/32768,"max(first_step_time - steady_median, 0)",24.97361516849992,synthetic,180.382312556,False,26,0.028817730024456978,33.13823052199996,2,16,0.1.7,t1v-n-402a6d5e-w-0,t1v-n-402a6d5e-w-0,0.10.1,0.0002,/tmp/v5e-cce-full/core/runs/exp0026_fsdp2_tp2_b16_l1024_tc128_vc32768_r0/runner.log,32.0,16,cce,1,13,0.9285185507570322,10,10,81.64488217700045,8.16461535350004,"fsdp=2,tp=2",google/gemma-3-270m-it,Gemma3 270M,gs://gemma-data/checkpoints/gemma3-270m-it,270m,gcs,2048,8.1668545,core,False,,0,0,/tmp/v5e-cce-full/core/runs/exp0026_fsdp2_tp2_b16_l1024_tc128_vc32768_r0,20260609T171229Z,65.143730176,67.637338112,2.493607936,0,1024,b16/L1024,/private/tmp/v5e-cce-full-local/combined/core/results/shard_0.jsonl,success,8.164488217700045,13,t1v-n-402a6d5e-w-0,8.171690388833383,,,219.53842040460825,2026-06-09T17:32:16+00:00,2026-06-09T17:12:29+00:00,128.0,8.0,gs://gemma-data/tokenizers/tokenizer_gemma3.model,sentencepiece,220.1730166139413,2,v5litepod-4,,,0.1.0,32768.0,8.0,262144,3,/tmp/v5e-cce-full/core/runs/exp0026_fsdp2_tp2_b16_l1024_tc128_vc32768_r0/xla,5.13,/tmp/v5e-cce-full/core/runs/exp0026_fsdp2_tp2_b16_l1024_tc128_vc32768_r0/xla/module_0677.jit__train_step.cl_914450892.after_optimizations-memory-usage-report.txt,,,,,,True,0.30618049720001184,5871.046707542973,12.66,2.532870144,26.665605067479554,0.037501492933290505,7.53,59.47867298578199,0.0392622079999998
False,tpu-v5e,446.55955363499993,533.0269408207628,exp0025_fsdp2_tp2_b16_l1024_tc128_vc8192_r0,True,256.0,4,128/8192,"max(first_step_time - steady_median, 0)",2.4689317779999556,synthetic,471.43249529399986,False,25,0.04481125995516777,33.20709786900011,2,16,0.1.7,t1v-n-8132e94c-w-0,t1v-n-8132e94c-w-0,0.10.1,0.0002,/tmp/v5e-cce-full/core/runs/exp0025_fsdp2_tp2_b16_l1024_tc128_vc8192_r0/runner.log,32.0,16,cce,1,13,0.9500462590501859,10,10,307.3765835320007,30.738166091000153,"fsdp=2,tp=2",google/gemma-3-270m-it,Gemma3 270M,gs://gemma-data/checkpoints/gemma3-270m-it,270m,gcs,2048,30.73928831300009,core,False,,0,0,/tmp/v5e-cce-full/core/runs/exp0025_fsdp2_tp2_b16_l1024_tc128_vc8192_r0,20260609T171229Z,65.144270848,67.637338112,2.493067264,0,1024,b16/L1024,/private/tmp/v5e-cce-full-local/combined/core/results/shard_1.jsonl,success,30.73765835320007,13,t1v-n-8132e94c-w-0,30.74505939041673,,,58.35083865732234,2026-06-09T17:38:56+00:00,2026-06-09T17:12:29+00:00,128.0,8.0,gs://gemma-data/tokenizers/tokenizer_gemma3.model,sentencepiece,58.48200859493428,2,v5litepod-4,,,0.1.0,8192.0,32.0,262144,3,/tmp/v5e-cce-full/core/runs/exp0025_fsdp2_tp2_b16_l1024_tc128_vc8192_r0/xla,5.13,/tmp/v5e-cce-full/core/runs/exp0025_fsdp2_tp2_b16_l1024_tc128_vc8192_r0/xla/module_0677.jit__train_step.cl_914450892.after_optimizations-memory-usage-report.txt,,,,,,True,0.30618049720001184,5871.046707542973,12.66,2.532870144,100.39064745890968,0.009961087265716703,7.53,59.47867298578199,0.039802879999999874
False,tpu-v5e,55.76236227300001,10001.206510294738,exp0023_fsdp2_tp2_b16_l512_tc512_vc65536_r0,True,4.0,4,512/65536,"max(first_step_time - steady_median, 0)",30.384685696999668,synthetic,80.83461330400019,False,23,0.035890333354473114,31.203657258999783,2,16,0.1.7,t1v-n-8132e94c-w-0,t1v-n-8132e94c-w-0,0.10.1,0.0002,/tmp/v5e-cce-full/core/runs/exp0023_fsdp2_tp2_b16_l512_tc512_vc65536_r0/runner.log,32.0,16,cce,1,13,0.9266579274374706,10,10,8.191011746000413,0.8189715620001152,"fsdp=2,tp=2",google/gemma-3-270m-it,Gemma3 270M,gs://gemma-data/checkpoints/gemma3-270m-it,270m,gcs,2048,0.8210635969999203,core,False,,0,0,/tmp/v5e-cce-full/core/runs/exp0023_fsdp2_tp2_b16_l512_tc512_vc65536_r0,20260609T171229Z,65.34564864,67.637338112,2.291689472,0,512,b16/L512,/private/tmp/v5e-cce-full-local/combined/core/results/shard_1.jsonl,success,0.8191011746000413,13,t1v-n-8132e94c-w-0,0.8262172020833608,,,2171.341864435056,2026-06-09T17:31:04+00:00,2026-06-09T17:12:29+00:00,512.0,1.0,gs://gemma-data/tokenizers/tokenizer_gemma3.model,sentencepiece,2194.6006863898706,2,v5litepod-4,,,0.1.0,65536.0,4.0,262144,3,/tmp/v5e-cce-full/core/runs/exp0023_fsdp2_tp2_b16_l512_tc512_vc65536_r0/xla,2.65,/tmp/v5e-cce-full/core/runs/exp0023_fsdp2_tp2_b16_l512_tc512_vc65536_r0/xla/module_0677.jit__train_step.cl_914450892.after_optimizations-memory-usage-report.txt,,,,,,True,0.1456302389000143,12343.590270659257,6.23,2.285377536,5.6245267520464175,0.1777927360086183,3.5800000000000005,57.46388443017657,-0.006311935999999907
False,tpu-v5e,61.770226069000046,6505.851260254875,exp0022_fsdp2_tp2_b16_l512_tc512_vc32768_r0,True,8.0,4,512/32768,"max(first_step_time - steady_median, 0)",29.90131655050004,synthetic,87.78088948200002,False,22,0.032963283360004425,31.16054764499995,2,16,0.1.7,t1v-n-402a6d5e-w-0,t1v-n-402a6d5e-w-0,0.10.1,0.0002,/tmp/v5e-cce-full/core/runs/exp0022_fsdp2_tp2_b16_l512_tc512_vc32768_r0/runner.log,32.0,16,cce,1,13,0.9245075540473828,10,10,12.59174191399984,1.2592310944999099,"fsdp=2,tp=2",google/gemma-3-270m-it,Gemma3 270M,gs://gemma-data/checkpoints/gemma3-270m-it,270m,gcs,2048,1.2593997339999987,core,False,,0,0,/tmp/v5e-cce-full/core/runs/exp0022_fsdp2_tp2_b16_l512_tc512_vc32768_r0,20260609T171229Z,65.344260096,67.637338112,2.293078016,0,512,b16/L512,/private/tmp/v5e-cce-full-local/combined/core/results/shard_0.jsonl,success,1.259174191399984,13,t1v-n-402a6d5e-w-0,1.266271975499971,,,1416.7572486089828,2026-06-09T17:27:57+00:00,2026-06-09T17:12:29+00:00,512.0,1.0,gs://gemma-data/tokenizers/tokenizer_gemma3.model,sentencepiece,1427.6023224406938,2,v5litepod-4,,,0.1.0,32768.0,8.0,262144,3,/tmp/v5e-cce-full/core/runs/exp0022_fsdp2_tp2_b16_l512_tc512_vc32768_r0/xla,2.65,/tmp/v5e-cce-full/core/runs/exp0022_fsdp2_tp2_b16_l512_tc512_vc32768_r0/xla/module_0677.jit__train_step.cl_914450892.after_optimizations-memory-usage-report.txt,,,,,,True,0.1456302389000143,12343.590270659257,6.23,2.285377536,8.646378670466223,0.11565535562486287,3.5800000000000005,57.46388443017657,-0.0077004800000000095
False,tpu-v5e,74.72780332499997,3738.0154602587972,exp0021_fsdp2_tp2_b16_l512_tc256_vc32768_r0,True,16.0,4,256/32768,"max(first_step_time - steady_median, 0)",29.823540451500094,synthetic,99.41936497099982,False,21,0.032963283360004425,32.01507863100005,2,16,0.1.7,t1v-n-8132e94c-w-0,t1v-n-8132e94c-w-0,0.10.1,0.0002,/tmp/v5e-cce-full/core/runs/exp0021_fsdp2_tp2_b16_l512_tc256_vc32768_r0/runner.log,32.0,16,cce,1,13,0.9245075540473828,10,10,21.91537217300015,2.1915381794999576,"fsdp=2,tp=2",google/gemma-3-270m-it,Gemma3 270M,gs://gemma-data/checkpoints/gemma3-270m-it,270m,gcs,2048,2.1921321150000495,core,False,,0,0,/tmp/v5e-cce-full/core/runs/exp0021_fsdp2_tp2_b16_l512_tc256_vc32768_r0,20260609T171229Z,65.346881536,67.637338112,2.290456576,0,512,b16/L512,/private/tmp/v5e-cce-full-local/combined/core/results/shard_1.jsonl,success,2.191537217300015,13,t1v-n-8132e94c-w-0,2.1986412257500283,,,815.9585015458846,2026-06-09T17:29:43+00:00,2026-06-09T17:12:29+00:00,256.0,2.0,gs://gemma-data/tokenizers/tokenizer_gemma3.model,sentencepiece,820.2461659376482,2,v5litepod-4,,,0.1.0,32768.0,8.0,262144,3,/tmp/v5e-cce-full/core/runs/exp0021_fsdp2_tp2_b16_l512_tc256_vc32768_r0/xla,2.65,/tmp/v5e-cce-full/core/runs/exp0021_fsdp2_tp2_b16_l512_tc256_vc32768_r0/xla/module_0677.jit__train_step.cl_914450892.after_optimizations-memory-usage-report.txt,,,,,,True,0.1456302389000143,12343.590270659257,6.23,2.285377536,15.048641229000962,0.0664511821886518,3.5800000000000005,57.46388443017657,-0.005079040000000035
False,tpu-v5e,99.60199352400014,2010.6135000955549,exp0020_fsdp2_tp2_b16_l512_tc128_vc32768_r0,True,32.0,4,128/32768,"max(first_step_time - steady_median, 0)",29.032099344500125,synthetic,126.53701932900003,False,20,0.032963283360004425,33.10666497600005,2,16,0.1.7,t1v-n-402a6d5e-w-0,t1v-n-402a6d5e-w-0,0.10.1,0.0002,/tmp/v5e-cce-full/core/runs/exp0020_fsdp2_tp2_b16_l512_tc128_vc32768_r0/runner.log,32.0,16,cce,1,13,0.9245075540473828,10,10,40.7437829280002,4.074565631499922,"fsdp=2,tp=2",google/gemma-3-270m-it,Gemma3 270M,gs://gemma-data/checkpoints/gemma3-270m-it,270m,gcs,2048,4.07618173700007,core,False,,0,0,/tmp/v5e-cce-full/core/runs/exp0020_fsdp2_tp2_b16_l512_tc128_vc32768_r0,20260609T171229Z,65.349322752,67.637338112,2.28801536,0,512,b16/L512,/private/tmp/v5e-cce-full-local/combined/core/results/shard_0.jsonl,success,4.07437829280002,13,t1v-n-402a6d5e-w-0,4.081638340916697,,,439.5293875049901,2026-06-09T17:26:29+00:00,2026-06-09T17:12:29+00:00,128.0,4.0,gs://gemma-data/tokenizers/tokenizer_gemma3.model,sentencepiece,441.19614596823357,2,v5litepod-4,,,0.1.0,32768.0,8.0,262144,3,/tmp/v5e-cce-full/core/runs/exp0020_fsdp2_tp2_b16_l512_tc128_vc32768_r0/xla,2.65,/tmp/v5e-cce-full/core/runs/exp0020_fsdp2_tp2_b16_l512_tc128_vc32768_r0/xla/module_0677.jit__train_step.cl_914450892.after_optimizations-memory-usage-report.txt,,,,,,True,0.1456302389000143,12343.590270659257,6.23,2.285377536,27.977556883617936,0.03574293510186885,3.5800000000000005,57.46388443017657,-0.002637824000000233
False,tpu-v5e,246.7198595860001,533.3302513060034,exp0019_fsdp2_tp2_b16_l512_tc128_vc8192_r0,True,128.0,4,128/8192,"max(first_step_time - steady_median, 0)",17.96829999249985,synthetic,271.3257950860001,False,19,0.03398532792925835,33.328292495999904,2,16,0.1.7,t1v-n-8132e94c-w-0,t1v-n-8132e94c-w-0,0.10.1,0.0002,/tmp/v5e-cce-full/core/runs/exp0019_fsdp2_tp2_b16_l512_tc128_vc8192_r0/runner.log,32.0,16,cce,1,13,0.9456801374371235,10,10,153.60088762900045,15.359992503500052,"fsdp=2,tp=2",google/gemma-3-270m-it,Gemma3 270M,gs://gemma-data/checkpoints/gemma3-270m-it,270m,gcs,2048,15.362734719999935,core,False,,0,0,/tmp/v5e-cce-full/core/runs/exp0019_fsdp2_tp2_b16_l512_tc128_vc8192_r0,20260609T171229Z,65.349801984,67.637338112,2.287536128,0,512,b16/L512,/private/tmp/v5e-cce-full-local/combined/core/results/shard_1.jsonl,success,15.360088762900045,13,t1v-n-8132e94c-w-0,15.36733789541671,,,116.74110455624577,2026-06-09T17:28:04+00:00,2026-06-09T17:12:29+00:00,128.0,4.0,gs://gemma-data/tokenizers/tokenizer_gemma3.model,sentencepiece,117.03057369966696,2,v5litepod-4,,,0.1.0,8192.0,32.0,262144,3,/tmp/v5e-cce-full/core/runs/exp0019_fsdp2_tp2_b16_l512_tc128_vc8192_r0/xla,2.65,/tmp/v5e-cce-full/core/runs/exp0019_fsdp2_tp2_b16_l512_tc128_vc8192_r0/xla/module_0677.jit__train_step.cl_914450892.after_optimizations-memory-usage-report.txt,,,,,,True,0.1456302389000143,12343.590270659257,6.23,2.285377536,105.47320995226724,0.009481080555456291,3.5800000000000005,57.46388443017657,-0.0021585920000002368
False,tpu-v5e,69.52533930000027,9958.99503722015,exp0035_fsdp2_tp2_b32_l512_tc512_vc65536_r0,True,4.0,4,512/65536,"max(first_step_time - steady_median, 0)",32.16306836850026,synthetic,95.86531651299993,False,35,0.024446852505207062,33.80827936100013,2,32,0.1.7,t1v-n-8132e94c-w-0,t1v-n-8132e94c-w-0,0.10.1,0.0002,/tmp/v5e-cce-full/core/runs/exp0035_fsdp2_tp2_b32_l512_tc512_vc65536_r0/runner.log,32.0,16,cce,1,13,0.8841985368098204,10,10,16.451459146999696,1.6452109924998695,"fsdp=2,tp=2",google/gemma-3-270m-it,Gemma3 270M,gs://gemma-data/checkpoints/gemma3-270m-it,270m,gcs,2048,1.6454028680000192,core,False,,0,0,/tmp/v5e-cce-full/core/runs/exp0035_fsdp2_tp2_b32_l512_tc512_vc65536_r0,20260609T171229Z,65.058238464,67.637338112,2.579099648,0,512,b32/L512,/private/tmp/v5e-cce-full-local/combined/core/results/shard_1.jsonl,success,1.6451459146999696,13,t1v-n-8132e94c-w-0,1.6522829257500007,,,2181.627983010503,2026-06-09T17:54:22+00:00,2026-06-09T17:12:29+00:00,512.0,1.0,gs://gemma-data/tokenizers/tokenizer_gemma3.model,sentencepiece,2197.4950475194264,2,v5litepod-4,,,0.1.0,65536.0,4.0,262144,3,/tmp/v5e-cce-full/core/runs/exp0035_fsdp2_tp2_b32_l512_tc512_vc65536_r0/xla,4.56,/tmp/v5e-cce-full/core/runs/exp0035_fsdp2_tp2_b32_l512_tc512_vc65536_r0/xla/module_0677.jit__train_step.cl_914450892.after_optimizations-memory-usage-report.txt,,,,,,True,0.29623316360000446,12203.900319822078,12.11,2.595728896,5.5535507730031375,0.18006497840286065,7.55,62.34516928158547,0.016629247999999652
False,tpu-v5e,80.49586323299991,6495.823580008538,exp0034_fsdp2_tp2_b32_l512_tc512_vc32768_r0,True,8.0,4,512/32768,"max(first_step_time - steady_median, 0)",31.500386178999975,synthetic,106.89575476799996,False,34,0.020832201465964317,34.022607753999864,2,32,0.1.7,t1v-n-402a6d5e-w-0,t1v-n-402a6d5e-w-0,0.10.1,0.0002,/tmp/v5e-cce-full/core/runs/exp0034_fsdp2_tp2_b32_l512_tc512_vc32768_r0/runner.log,32.0,16,cce,1,13,0.8665525138091582,10,10,25.222359872000197,2.5222215749998895,"fsdp=2,tp=2",google/gemma-3-270m-it,Gemma3 270M,gs://gemma-data/checkpoints/gemma3-270m-it,270m,gcs,2048,2.5226108900001236,core,False,,0,0,/tmp/v5e-cce-full/core/runs/exp0034_fsdp2_tp2_b32_l512_tc512_vc32768_r0,20260609T171229Z,65.056608256,67.637338112,2.580729856,0,512,b32/L512,/private/tmp/v5e-cce-full-local/combined/core/results/shard_0.jsonl,success,2.5222359872000197,13,t1v-n-402a6d5e-w-0,2.5294111671666997,,,1425.1011118545848,2026-06-09T17:40:10+00:00,2026-06-09T17:12:29+00:00,512.0,1.0,gs://gemma-data/tokenizers/tokenizer_gemma3.model,sentencepiece,1433.331384670829,2,v5litepod-4,,,0.1.0,32768.0,8.0,262144,3,/tmp/v5e-cce-full/core/runs/exp0034_fsdp2_tp2_b32_l512_tc512_vc32768_r0/xla,4.56,/tmp/v5e-cce-full/core/runs/exp0034_fsdp2_tp2_b32_l512_tc512_vc32768_r0/xla/module_0677.jit__train_step.cl_914450892.after_optimizations-memory-usage-report.txt,,,,,,True,0.29623316360000446,12203.900319822078,12.11,2.595728896,8.514360635886554,0.11744863093832006,7.55,62.34516928158547,0.014999039999999741
False,tpu-v5e,105.4977633440003,3733.030889659702,exp0033_fsdp2_tp2_b32_l512_tc256_vc32768_r0,True,16.0,4,256/32768,"max(first_step_time - steady_median, 0)",29.632753155000046,synthetic,132.16933337599994,False,33,0.020832201465964317,34.021597374000066,2,32,0.1.7,t1v-n-8132e94c-w-0,t1v-n-8132e94c-w-0,0.10.1,0.0002,/tmp/v5e-cce-full/core/runs/exp0033_fsdp2_tp2_b32_l512_tc256_vc32768_r0/runner.log,32.0,16,cce,1,13,0.8665525138091582,10,10,43.8892698300001,4.3888442190000205,"fsdp=2,tp=2",google/gemma-3-270m-it,Gemma3 270M,gs://gemma-data/checkpoints/gemma3-270m-it,270m,gcs,2048,4.390257676000147,core,False,,0,0,/tmp/v5e-cce-full/core/runs/exp0033_fsdp2_tp2_b32_l512_tc256_vc32768_r0,20260609T171229Z,65.059217408,67.637338112,2.578120704,0,512,b32/L512,/private/tmp/v5e-cce-full-local/combined/core/results/shard_1.jsonl,success,4.38892698300001,13,t1v-n-8132e94c-w-0,4.396244086500019,,,819.9423407212245,2026-06-09T17:52:46+00:00,2026-06-09T17:12:29+00:00,256.0,2.0,gs://gemma-data/tokenizers/tokenizer_gemma3.model,sentencepiece,823.7093061705173,2,v5litepod-4,,,0.1.0,32768.0,8.0,262144,3,/tmp/v5e-cce-full/core/runs/exp0033_fsdp2_tp2_b32_l512_tc256_vc32768_r0/xla,4.56,/tmp/v5e-cce-full/core/runs/exp0033_fsdp2_tp2_b32_l512_tc256_vc32768_r0/xla/module_0677.jit__train_step.cl_914450892.after_optimizations-memory-usage-report.txt,,,,,,True,0.29623316360000446,12203.900319822078,12.11,2.595728896,14.815785409246947,0.06749557801882525,7.55,62.34516928158547,0.017608191999999967
False,tpu-v5e,154.25449276400013,2009.421103067919,exp0032_fsdp2_tp2_b32_l512_tc128_vc32768_r0,True,32.0,4,128/32768,"max(first_step_time - steady_median, 0)",25.423425077999923,synthetic,181.99257096199995,False,32,0.020832201465964317,33.57698748199982,2,32,0.1.7,t1v-n-402a6d5e-w-0,t1v-n-402a6d5e-w-0,0.10.1,0.0002,/tmp/v5e-cce-full/core/runs/exp0032_fsdp2_tp2_b32_l512_tc128_vc32768_r0/runner.log,32.0,16,cce,1,13,0.8665525138091582,10,10,81.53592084300021,8.1535624039999,"fsdp=2,tp=2",google/gemma-3-270m-it,Gemma3 270M,gs://gemma-data/checkpoints/gemma3-270m-it,270m,gcs,2048,8.155392869000025,core,False,,0,0,/tmp/v5e-cce-full/core/runs/exp0032_fsdp2_tp2_b32_l512_tc128_vc32768_r0,20260609T171229Z,65.063114752,67.637338112,2.57422336,0,512,b32/L512,/private/tmp/v5e-cce-full-local/combined/core/results/shard_0.jsonl,success,8.153592084300021,13,t1v-n-402a6d5e-w-0,8.160934391750024,,,441.6977877325742,2026-06-09T17:38:23+00:00,2026-06-09T17:12:29+00:00,128.0,4.0,gs://gemma-data/tokenizers/tokenizer_gemma3.model,sentencepiece,443.38740062323853,2,v5litepod-4,,,0.1.0,32768.0,8.0,262144,3,/tmp/v5e-cce-full/core/runs/exp0032_fsdp2_tp2_b32_l512_tc128_vc32768_r0/xla,4.56,/tmp/v5e-cce-full/core/runs/exp0032_fsdp2_tp2_b32_l512_tc128_vc32768_r0/xla/module_0677.jit__train_step.cl_914450892.after_optimizations-memory-usage-report.txt,,,,,,True,0.29623316360000446,12203.900319822078,12.11,2.595728896,27.52423795233674,0.03633161440224733,7.55,62.34516928158547,0.021505535999999825
False,tpu-v5e,447.18224437200024,533.2279916510203,exp0031_fsdp2_tp2_b32_l512_tc128_vc8192_r0,True,128.0,4,128/8192,"max(first_step_time - steady_median, 0)",3.104277278500149,synthetic,472.7606105770001,False,31,0.02978387288749218,33.83061247700016,2,32,0.1.7,t1v-n-8132e94c-w-0,t1v-n-8132e94c-w-0,0.10.1,0.0002,/tmp/v5e-cce-full/core/runs/exp0031_fsdp2_tp2_b32_l512_tc128_vc8192_r0/runner.log,32.0,16,cce,1,13,0.8933788327356944,10,10,307.2606887959996,30.72633519850001,"fsdp=2,tp=2",google/gemma-3-270m-it,Gemma3 270M,gs://gemma-data/checkpoints/gemma3-270m-it,270m,gcs,2048,30.727500847999636,core,False,,0,0,/tmp/v5e-cce-full/core/runs/exp0031_fsdp2_tp2_b32_l512_tc128_vc8192_r0,20260609T171229Z,65.063657472,67.637338112,2.57368064,0,512,b32/L512,/private/tmp/v5e-cce-full-local/combined/core/results/shard_1.jsonl,success,30.72606887959996,13,t1v-n-8132e94c-w-0,30.733436284999964,,,117.28811035770812,2026-06-09T17:50:33+00:00,2026-06-09T17:12:29+00:00,128.0,4.0,gs://gemma-data/tokenizers/tokenizer_gemma3.model,sentencepiece,117.65904757182423,2,v5litepod-4,,,0.1.0,8192.0,32.0,262144,3,/tmp/v5e-cce-full/core/runs/exp0031_fsdp2_tp2_b32_l512_tc128_vc8192_r0/xla,4.56,/tmp/v5e-cce-full/core/runs/exp0031_fsdp2_tp2_b32_l512_tc128_vc8192_r0/xla/module_0677.jit__train_step.cl_914450892.after_optimizations-memory-usage-report.txt,,,,,,True,0.29623316360000446,12203.900319822078,12.11,2.595728896,103.72258293500363,0.009641101982840483,7.55,62.34516928158547,0.02204825599999971
False,tpu-v5e,48.58511388800002,24597.577669105583,exp0004_fsdp4_tp1_b16_l512_tc512_vc32768_r0,True,8.0,4,512/32768,"max(first_step_time - steady_median, 0)",29.326281254000037,synthetic,70.90229677299999,False,4,0.03762257099151611,29.659497319000025,4,16,0.1.7,t1v-n-402a6d5e-w-0,t1v-n-402a6d5e-w-0,0.10.1,0.0002,/tmp/v5e-cce-full/core/runs/exp0004_fsdp4_tp1_b16_l512_tc512_vc32768_r0/runner.log,32.0,16,cce,1,13,0.9472946559007351,10,10,3.3304092419999165,0.3332160649999878,"fsdp=4,tp=1",google/gemma-3-270m-it,Gemma3 270M,gs://gemma-data/checkpoints/gemma3-270m-it,270m,gcs,2048,0.33352193599995417,core,False,,0,0,/tmp/v5e-cce-full/core/runs/exp0004_fsdp4_tp1_b16_l512_tc512_vc32768_r0,20260609T171229Z,65.457045504,67.637338112,2.180292608,0,512,b16/L512,/private/tmp/v5e-cce-full-local/combined/core/results/shard_0.jsonl,success,0.33304092419999165,13,t1v-n-402a6d5e-w-0,0.3389798152499945,,,5292.3505155519115,2026-06-09T17:16:00+00:00,2026-06-09T17:12:29+00:00,512.0,1.0,gs://gemma-data/tokenizers/tokenizer_gemma3.model,sentencepiece,5397.534865476587,1,v5litepod-4,,,0.1.0,32768.0,8.0,262144,3,/tmp/v5e-cce-full/core/runs/exp0004_fsdp4_tp1_b16_l512_tc512_vc32768_r0/xla,3.86,/tmp/v5e-cce-full/core/runs/exp0004_fsdp4_tp1_b16_l512_tc512_vc32768_r0/xla/module_0657.jit__train_step.cl_914450892.after_optimizations-memory-usage-report.txt,,,,,,True,0.20196381909999558,8900.604118156327,11.29,2.204493824,1.6490128067696008,0.6064234285475257,7.43,65.81045172719222,0.024201216000000247
False,tpu-v5e,47.919192909,23781.450950738435,exp0003_fsdp4_tp1_b16_l512_tc256_vc32768_r0,True,16.0,4,256/32768,"max(first_step_time - steady_median, 0)",29.33543218699998,synthetic,69.15060512600002,False,3,0.03837499022483826,29.679277684,4,16,0.1.7,t1v-n-8132e94c-w-0,t1v-n-8132e94c-w-0,0.10.1,0.0002,/tmp/v5e-cce-full/core/runs/exp0003_fsdp4_tp1_b16_l512_tc256_vc32768_r0/runner.log,32.0,16,cce,1,13,0.9483257790024464,10,10,3.444701510000016,0.343845497000018,"fsdp=4,tp=1",google/gemma-3-270m-it,Gemma3 270M,gs://gemma-data/checkpoints/gemma3-270m-it,270m,gcs,2048,0.34951268200001095,core,False,,0,0,/tmp/v5e-cce-full/core/runs/exp0003_fsdp4_tp1_b16_l512_tc256_vc32768_r0,20260609T171229Z,65.459296256,67.637338112,2.178041856,0,512,b16/L512,/private/tmp/v5e-cce-full-local/combined/core/results/shard_1.jsonl,success,0.34447015100000156,13,t1v-n-8132e94c-w-0,0.3501893978333375,,,5122.942073916818,2026-06-09T17:14:52+00:00,2026-06-09T17:12:29+00:00,256.0,2.0,gs://gemma-data/tokenizers/tokenizer_gemma3.model,sentencepiece,5218.449246709889,1,v5litepod-4,,,0.1.0,32768.0,8.0,262144,3,/tmp/v5e-cce-full/core/runs/exp0003_fsdp4_tp1_b16_l512_tc256_vc32768_r0/xla,3.86,/tmp/v5e-cce-full/core/runs/exp0003_fsdp4_tp1_b16_l512_tc256_vc32768_r0/xla/module_0657.jit__train_step.cl_914450892.after_optimizations-memory-usage-report.txt,,,,,,True,0.20196381909999558,8900.604118156327,11.29,2.204493824,1.705603273571732,0.5863028146667915,7.43,65.81045172719222,0.026451967999999937
False,tpu-v5e,47.43401415699998,23284.306148053718,exp0002_fsdp4_tp1_b16_l512_tc128_vc32768_r0,True,32.0,4,128/32768,"max(first_step_time - steady_median, 0)",29.092556425000026,synthetic,69.19047926599995,False,2,0.025374963879585266,29.444390136000038,4,16,0.1.7,t1v-n-402a6d5e-w-0,t1v-n-402a6d5e-w-0,0.10.1,0.0002,/tmp/v5e-cce-full/core/runs/exp0002_fsdp4_tp1_b16_l512_tc128_vc32768_r0/runner.log,32.0,16,cce,1,13,0.935454454846107,10,10,3.5182495659999518,0.3518337110000118,"fsdp=4,tp=1",google/gemma-3-270m-it,Gemma3 270M,gs://gemma-data/checkpoints/gemma3-270m-it,270m,gcs,2048,0.35220809600002667,core,False,,0,0,/tmp/v5e-cce-full/core/runs/exp0002_fsdp4_tp1_b16_l512_tc128_vc32768_r0,20260609T171229Z,65.460109312,67.637338112,2.1772288,0,512,b16/L512,/private/tmp/v5e-cce-full-local/combined/core/results/shard_0.jsonl,success,0.3518249565999952,13,t1v-n-402a6d5e-w-0,0.35755277074999964,,,5017.441191231495,2026-06-09T17:14:49+00:00,2026-06-09T17:12:29+00:00,128.0,4.0,gs://gemma-data/tokenizers/tokenizer_gemma3.model,sentencepiece,5109.358976042647,1,v5litepod-4,,,0.1.0,32768.0,8.0,262144,3,/tmp/v5e-cce-full/core/runs/exp0002_fsdp4_tp1_b16_l512_tc128_vc32768_r0/xla,3.86,/tmp/v5e-cce-full/core/runs/exp0002_fsdp4_tp1_b16_l512_tc128_vc32768_r0/xla/module_0657.jit__train_step.cl_914450892.after_optimizations-memory-usage-report.txt,,,,,,True,0.20196381909999558,8900.604118156327,11.29,2.204493824,1.7420197249577702,0.5740463128362349,7.43,65.81045172719222,0.027265024000000082
False,tpu-v5e,47.398038231999976,23194.381357271726,exp0005_fsdp4_tp1_b16_l512_tc512_vc65536_r0,True,4.0,4,512/65536,"max(first_step_time - steady_median, 0)",28.609059107500002,synthetic,68.47913166899997,False,5,0.03739805519580841,28.962449994999986,4,16,0.1.7,t1v-n-8132e94c-w-0,t1v-n-8132e94c-w-0,0.10.1,0.0002,/tmp/v5e-cce-full/core/runs/exp0005_fsdp4_tp1_b16_l512_tc512_vc65536_r0/runner.log,32.0,16,cce,1,13,0.954117126762867,10,10,3.5318898460000128,0.3533908874999838,"fsdp=4,tp=1",google/gemma-3-270m-it,Gemma3 270M,gs://gemma-data/checkpoints/gemma3-270m-it,270m,gcs,2048,0.3540989680000166,core,False,,0,0,/tmp/v5e-cce-full/core/runs/exp0005_fsdp4_tp1_b16_l512_tc512_vc65536_r0,20260609T171229Z,65.458352128,67.637338112,2.178985984,0,512,b16/L512,/private/tmp/v5e-cce-full-local/combined/core/results/shard_1.jsonl,success,0.35318898460000125,13,t1v-n-8132e94c-w-0,0.3588822955833327,,,4998.853446041425,2026-06-09T17:16:00+00:00,2026-06-09T17:12:29+00:00,512.0,1.0,gs://gemma-data/tokenizers/tokenizer_gemma3.model,sentencepiece,5089.626456034137,1,v5litepod-4,,,0.1.0,65536.0,4.0,262144,3,/tmp/v5e-cce-full/core/runs/exp0005_fsdp4_tp1_b16_l512_tc512_vc65536_r0/xla,3.86,/tmp/v5e-cce-full/core/runs/exp0005_fsdp4_tp1_b16_l512_tc512_vc65536_r0/xla/module_0657.jit__train_step.cl_914450892.after_optimizations-memory-usage-report.txt,,,,,,True,0.20196381909999558,8900.604118156327,11.29,2.204493824,1.7487735485192604,0.5718293262422286,7.43,65.81045172719222,0.02550783999999995
False,tpu-v5e,50.00335988899997,21640.04255363234,exp0001_fsdp4_tp1_b16_l512_tc128_vc8192_r0,True,128.0,4,128/8192,"max(first_step_time - steady_median, 0)",29.13161600099997,synthetic,73.10494588899996,False,1,0.031300198286771774,29.51027203199999,4,16,0.1.7,t1v-n-8132e94c-w-0,t1v-n-8132e94c-w-0,0.10.1,0.0002,/tmp/v5e-cce-full/core/runs/exp0001_fsdp4_tp1_b16_l512_tc128_vc8192_r0/runner.log,32.0,16,cce,1,13,0.9415295571088791,10,10,3.7855748110000604,0.37865603100001977,"fsdp=4,tp=1",google/gemma-3-270m-it,Gemma3 270M,gs://gemma-data/checkpoints/gemma3-270m-it,270m,gcs,2048,0.3789759659999845,core,False,,0,0,/tmp/v5e-cce-full/core/runs/exp0001_fsdp4_tp1_b16_l512_tc128_vc8192_r0,20260609T171229Z,65.461315584,67.637338112,2.176022528,0,512,b16/L512,/private/tmp/v5e-cce-full-local/combined/core/results/shard_1.jsonl,success,0.37855748110000603,13,t1v-n-8132e94c-w-0,0.3843928314166713,,,4667.100563213556,2026-06-09T17:13:42+00:00,2026-06-09T17:12:29+00:00,128.0,4.0,gs://gemma-data/tokenizers/tokenizer_gemma3.model,sentencepiece,4748.5523064464705,1,v5litepod-4,,,0.1.0,8192.0,32.0,262144,3,/tmp/v5e-cce-full/core/runs/exp0001_fsdp4_tp1_b16_l512_tc128_vc8192_r0/xla,3.85,/tmp/v5e-cce-full/core/runs/exp0001_fsdp4_tp1_b16_l512_tc128_vc8192_r0/xla/module_0657.jit__train_step.cl_914450892.after_optimizations-memory-usage-report.txt,,,,,,True,0.20196381909999558,8900.604118156327,11.29,2.204493824,1.8743826631272804,0.5335089892111826,7.4399999999999995,65.89902568644818,0.0284712960000002
