model_name,mesh_configuration,shape,slow_chunk,fast_chunk,slow_cce_loop_count,fast_cce_loop_count,slow_step_time_sec,fast_step_time_sec,recovery_x,slow_xla_hbm_gib,fast_xla_hbm_gib,hbm_increase_pct,slow_default_ratio,fast_default_ratio
Gemma3 270M,"fsdp=2,tp=2",b16/L512,128/8192,512/65536,128.0,4.0,15.360088762900045,0.8191011746000413,18.752370573025022,2.65,2.65,0.0,105.47320995226724,5.6245267520464175
Gemma3 270M,"fsdp=2,tp=2",b32/L512,128/8192,512/65536,128.0,4.0,30.72606887959996,1.6451459146999696,18.67680465608035,4.56,4.56,0.0,103.72258293500363,5.5535507730031375
Gemma3 270M,"fsdp=2,tp=2",b16/L1024,128/8192,512/65536,256.0,8.0,30.73765835320007,1.6532156834000034,18.5926486554888,5.13,5.13,0.0,100.39064745890968,5.399480693638182
Gemma3 270M,"fsdp=2,tp=2",b16/L512,128/8192,512/32768,128.0,8.0,15.360088762900045,1.259174191399984,12.198541605925293,2.65,2.65,0.0,105.47320995226724,8.646378670466223
Gemma3 270M,"fsdp=2,tp=2",b32/L512,128/8192,512/32768,128.0,8.0,30.72606887959996,2.5222359872000197,12.182075363102534,4.56,4.56,0.0,103.72258293500363,8.514360635886554
Gemma3 270M,"fsdp=2,tp=2",b16/L1024,128/8192,512/32768,256.0,16.0,30.73765835320007,2.532376875099999,12.137868835967119,5.13,5.13,0.0,100.39064745890968,8.270862769700607
Gemma3 270M,"fsdp=2,tp=2",b16/L512,128/8192,256/32768,128.0,16.0,15.360088762900045,2.191537217300015,7.008819490560033,2.65,2.65,0.0,105.47320995226724,15.048641229000962
Gemma3 270M,"fsdp=2,tp=2",b32/L512,128/8192,256/32768,128.0,16.0,30.72606887959996,4.38892698300001,7.000815688803609,4.56,4.56,0.0,103.72258293500363,14.815785409246947
Gemma3 270M,"fsdp=2,tp=2",b16/L1024,128/8192,256/32768,256.0,32.0,30.73765835320007,4.396529371600013,6.9913460721436795,5.13,5.13,0.0,100.39064745890968,14.359273081746904
Gemma3 270M,"fsdp=2,tp=2",b16/L512,128/32768,512/65536,32.0,4.0,4.07437829280002,0.8191011746000413,4.974206385175186,2.65,2.65,0.0,27.977556883617936,5.6245267520464175
Gemma3 270M,"fsdp=2,tp=2",b32/L512,128/32768,512/65536,32.0,4.0,8.153592084300021,1.6451459146999696,4.956151312442712,4.56,4.56,0.0,27.52423795233674,5.5535507730031375
Gemma3 270M,"fsdp=2,tp=2",b16/L1024,128/32768,512/65536,64.0,8.0,8.164488217700045,1.6532156834000034,4.938549942200499,5.13,5.13,0.0,26.665605067479554,5.399480693638182
Gemma3 270M,"fsdp=1,tp=4",b32/L512,128/8192,512/65536,128.0,4.0,3.9187758799000223,0.848016827200172,4.621106273136495,2.77,2.91,5.054151624548741,38.93945907971417,8.426436610228548
Gemma3 270M,"fsdp=1,tp=4",b16/L512,128/8192,512/65536,128.0,4.0,1.9618444709999039,0.42624113049992046,4.602663447093757,1.64,1.78,8.536585365853666,36.98857743091847,8.036341969403397
Gemma3 270M,"fsdp=1,tp=4",b16/L1024,128/8192,512/65536,256.0,8.0,3.915414743100109,0.8518684922000375,4.59626665260051,3.06,3.2,4.575163398692815,37.306356469549094,8.116664956425371
Gemma3 270M,"fsdp=1,tp=4",b32/L512,128/8192,512/32768,128.0,8.0,3.9187758799000223,0.9412974352000674,4.163164302117862,2.77,2.85,2.8880866425992804,38.93945907971417,9.353332286190362
Gemma3 270M,"fsdp=1,tp=4",b16/L512,128/8192,512/32768,128.0,8.0,1.9618444709999039,0.4731235956000546,4.1465792220988895,1.64,1.71,4.268292682926833,36.98857743091847,8.920263052925787
Gemma3 270M,"fsdp=1,tp=4",b16/L1024,128/8192,512/32768,256.0,16.0,3.915414743100109,0.9455693817000338,4.140801107646492,3.06,3.13,2.2875816993463998,37.306356469549094,9.009453847145272
Gemma3 270M,"fsdp=2,tp=2",b16/L512,128/8192,128/32768,128.0,32.0,15.360088762900045,4.07437829280002,3.7699220983096753,2.65,2.65,0.0,105.47320995226724,27.977556883617936
Gemma3 270M,"fsdp=2,tp=2",b32/L512,128/8192,128/32768,128.0,32.0,30.72606887959996,8.153592084300021,3.7684088879996707,4.56,4.56,0.0,103.72258293500363,27.52423795233674
Gemma3 270M,"fsdp=2,tp=2",b16/L1024,128/8192,128/32768,256.0,64.0,30.73765835320007,8.164488217700045,3.76479915624876,5.13,5.13,0.0,100.39064745890968,26.665605067479554
Gemma3 270M,"fsdp=2,tp=2",b16/L512,128/32768,512/32768,32.0,8.0,4.07437829280002,1.259174191399984,3.2357542908896626,2.65,2.65,0.0,27.977556883617936,8.646378670466223
Gemma3 270M,"fsdp=2,tp=2",b32/L512,128/32768,512/32768,32.0,8.0,8.153592084300021,2.5222359872000197,3.2326840651224997,4.56,4.56,0.0,27.52423795233674,8.514360635886554
Gemma3 270M,"fsdp=2,tp=2",b16/L1024,128/32768,512/32768,64.0,16.0,8.164488217700045,2.532376875099999,3.2240415310922645,5.13,5.13,0.0,26.665605067479554,8.270862769700607
Gemma3 270M,"fsdp=1,tp=4",b32/L512,128/8192,256/32768,128.0,16.0,3.9187758799000223,1.2230018102998657,3.2042273747241508,2.77,2.77,0.0,38.93945907971417,12.152526810949686
Gemma3 270M,"fsdp=1,tp=4",b16/L512,128/8192,256/32768,128.0,16.0,1.9618444709999039,0.6143417661000058,3.193408912199117,1.64,1.64,0.0,36.98857743091847,11.58278768798405
Gemma3 270M,"fsdp=1,tp=4",b16/L1024,128/8192,256/32768,256.0,32.0,3.915414743100109,1.2285682625000391,3.186973701512157,3.06,3.06,0.0,37.306356469549094,11.705887768025182
Gemma3 270M,"fsdp=2,tp=2",b16/L512,256/32768,512/65536,16.0,4.0,2.191537217300015,0.8191011746000413,2.6755390973161775,2.65,2.65,0.0,15.048641229000962,5.6245267520464175
Gemma3 270M,"fsdp=2,tp=2",b32/L512,256/32768,512/65536,16.0,4.0,4.38892698300001,1.6451459146999696,2.6678040797374694,4.56,4.56,0.0,14.815785409246947,5.5535507730031375
Gemma3 270M,"fsdp=2,tp=2",b16/L1024,256/32768,512/65536,32.0,8.0,4.396529371600013,1.6532156834000034,2.659380391648663,5.13,5.13,0.0,14.359273081746904,5.399480693638182
Gemma3 270M,"fsdp=1,tp=4",b32/L512,128/32768,512/65536,32.0,4.0,1.869484532399929,0.848016827200172,2.2045370710063072,2.77,2.91,5.054151624548741,18.57639188373356,8.426436610228548
Gemma3 270M,"fsdp=1,tp=4",b16/L512,128/32768,512/65536,32.0,4.0,0.937104001499938,0.42624113049992046,2.198530208478116,1.64,1.78,8.536585365853666,17.668140585393882,8.036341969403397
Gemma3 270M,"fsdp=1,tp=4",b16/L1024,128/32768,512/65536,64.0,8.0,1.871157887299887,0.8518684922000375,2.1965337425116296,3.06,3.2,4.575163398692815,17.82852845345001,8.116664956425371
Gemma3 270M,"fsdp=1,tp=4",b32/L512,128/8192,128/32768,128.0,32.0,3.9187758799000223,1.869484532399929,2.09617988915337,2.77,2.77,0.0,38.93945907971417,18.57639188373356
Gemma3 270M,"fsdp=1,tp=4",b16/L512,128/8192,128/32768,128.0,32.0,1.9618444709999039,0.937104001499938,2.093518401223083,1.64,1.64,0.0,36.98857743091847,17.668140585393882
Gemma3 270M,"fsdp=1,tp=4",b16/L1024,128/8192,128/32768,256.0,64.0,3.915414743100109,1.871157887299887,2.0925090125612646,3.06,3.06,0.0,37.306356469549094,17.82852845345001
