case_label,case_name,shape_kind,dot_shape,count
bad,exp0000_fsdp2_tp2_b16_l512_tc128_vc8192_r0,dot_general_result,"bf16[128,8192]",10
bad,exp0000_fsdp2_tp2_b16_l512_tc128_vc8192_r0,dot_general_result,"f32[128,320]",2
bad,exp0000_fsdp2_tp2_b16_l512_tc128_vc8192_r0,all_reduce_result,"bf16[128,8192]",3
bad,exp0000_fsdp2_tp2_b16_l512_tc128_vc8192_r0,all_gather_result,"bf16[320,262144]",6
bad,exp0000_fsdp2_tp2_b16_l512_tc128_vc8192_r0,convolution_result,"bf16[128,8192]",3
bad,exp0000_fsdp2_tp2_b16_l512_tc128_vc8192_r0,convolution_result,"f32[128,320]",1
bad,exp0000_fsdp2_tp2_b16_l512_tc128_vc8192_r0,fusion_result,f32[128],10
bad,exp0000_fsdp2_tp2_b16_l512_tc128_vc8192_r0,fusion_result,"bf16[320,8192]",4
bad,exp0000_fsdp2_tp2_b16_l512_tc128_vc8192_r0,fusion_result,pred[8192],3
bad,exp0000_fsdp2_tp2_b16_l512_tc128_vc8192_r0,fusion_result,"bf16[128,8192]",3
bad,exp0000_fsdp2_tp2_b16_l512_tc128_vc8192_r0,fusion_result,"f32[128,8192]",2
bad,exp0000_fsdp2_tp2_b16_l512_tc128_vc8192_r0,fusion_result,s32[8192],1
bad,exp0000_fsdp2_tp2_b16_l512_tc128_vc8192_r0,fusion_result,"bf16[320,262144]",1
bad,exp0000_fsdp2_tp2_b16_l512_tc128_vc8192_r0,fusion_result,"f32[128,320]",1
bad,exp0000_fsdp2_tp2_b16_l512_tc128_vc8192_r0,fusion_result,"s32[128,1,1]",1
bad,exp0000_fsdp2_tp2_b16_l512_tc128_vc8192_r0,fusion_result,"s32[128,2]",1
bad,exp0000_fsdp2_tp2_b16_l512_tc128_vc8192_r0,fusion_result,s32[128],1
good,exp0001_fsdp2_tp2_b16_l512_tc512_vc65536_r0,dot_general_result,"bf16[512,65536]",10
good,exp0001_fsdp2_tp2_b16_l512_tc512_vc65536_r0,dot_general_result,"f32[512,320]",2
good,exp0001_fsdp2_tp2_b16_l512_tc512_vc65536_r0,all_reduce_result,"bf16[512,65536]",3
good,exp0001_fsdp2_tp2_b16_l512_tc512_vc65536_r0,all_gather_result,"bf16[320,262144]",6
good,exp0001_fsdp2_tp2_b16_l512_tc512_vc65536_r0,convolution_result,"bf16[512,65536]",3
good,exp0001_fsdp2_tp2_b16_l512_tc512_vc65536_r0,convolution_result,"f32[512,320]",1
good,exp0001_fsdp2_tp2_b16_l512_tc512_vc65536_r0,fusion_result,f32[512],10
good,exp0001_fsdp2_tp2_b16_l512_tc512_vc65536_r0,fusion_result,"bf16[320,65536]",4
good,exp0001_fsdp2_tp2_b16_l512_tc512_vc65536_r0,fusion_result,pred[65536],3
good,exp0001_fsdp2_tp2_b16_l512_tc512_vc65536_r0,fusion_result,"bf16[512,65536]",3
good,exp0001_fsdp2_tp2_b16_l512_tc512_vc65536_r0,fusion_result,"f32[512,65536]",2
good,exp0001_fsdp2_tp2_b16_l512_tc512_vc65536_r0,fusion_result,s32[65536],1
good,exp0001_fsdp2_tp2_b16_l512_tc512_vc65536_r0,fusion_result,"bf16[320,262144]",1
good,exp0001_fsdp2_tp2_b16_l512_tc512_vc65536_r0,fusion_result,"f32[512,320]",1
good,exp0001_fsdp2_tp2_b16_l512_tc512_vc65536_r0,fusion_result,s32[512],1
good,exp0001_fsdp2_tp2_b16_l512_tc512_vc65536_r0,fusion_result,"s32[512,1,1]",1
good,exp0001_fsdp2_tp2_b16_l512_tc512_vc65536_r0,fusion_result,"s32[512,2]",1
good,exp0001_fsdp2_tp2_b16_l512_tc512_vc65536_r0,fusion_result,"s32[512,1]",1
control-fsdp4-tp1,exp0002_fsdp4_tp1_b16_l512_tc128_vc8192_r0,dot_general_result,"bf16[128,8192]",9
control-fsdp4-tp1,exp0002_fsdp4_tp1_b16_l512_tc128_vc8192_r0,dot_general_result,"f32[128,160]",2
control-fsdp4-tp1,exp0002_fsdp4_tp1_b16_l512_tc128_vc8192_r0,all_reduce_result,"bf16[128,8192]",3
control-fsdp4-tp1,exp0002_fsdp4_tp1_b16_l512_tc128_vc8192_r0,convolution_result,"bf16[128,8192]",3
control-fsdp4-tp1,exp0002_fsdp4_tp1_b16_l512_tc128_vc8192_r0,convolution_result,"f32[128,160]",1
control-fsdp4-tp1,exp0002_fsdp4_tp1_b16_l512_tc128_vc8192_r0,fusion_result,f32[128],10
control-fsdp4-tp1,exp0002_fsdp4_tp1_b16_l512_tc128_vc8192_r0,fusion_result,"bf16[160,8192]",4
control-fsdp4-tp1,exp0002_fsdp4_tp1_b16_l512_tc128_vc8192_r0,fusion_result,"bf16[128,8192]",3
control-fsdp4-tp1,exp0002_fsdp4_tp1_b16_l512_tc128_vc8192_r0,fusion_result,pred[8192],3
control-fsdp4-tp1,exp0002_fsdp4_tp1_b16_l512_tc128_vc8192_r0,fusion_result,"f32[128,8192]",2
control-fsdp4-tp1,exp0002_fsdp4_tp1_b16_l512_tc128_vc8192_r0,fusion_result,s32[8192],1
control-fsdp4-tp1,exp0002_fsdp4_tp1_b16_l512_tc128_vc8192_r0,fusion_result,"f32[128,160]",1
control-fsdp4-tp1,exp0002_fsdp4_tp1_b16_l512_tc128_vc8192_r0,fusion_result,"s32[128,1,1]",1
control-fsdp4-tp1,exp0002_fsdp4_tp1_b16_l512_tc128_vc8192_r0,fusion_result,"s32[128,2]",1
control-fsdp4-tp1,exp0002_fsdp4_tp1_b16_l512_tc128_vc8192_r0,fusion_result,s32[128],1
control-fsdp1-tp4,exp0003_fsdp1_tp4_b16_l512_tc128_vc8192_r0,dot_general_result,"bf16[128,8192]",18
control-fsdp1-tp4,exp0003_fsdp1_tp4_b16_l512_tc128_vc8192_r0,dot_general_result,"f32[128,160]",4
control-fsdp1-tp4,exp0003_fsdp1_tp4_b16_l512_tc128_vc8192_r0,all_reduce_result,"bf16[128,8192]",6
control-fsdp1-tp4,exp0003_fsdp1_tp4_b16_l512_tc128_vc8192_r0,convolution_result,"bf16[128,8192]",6
control-fsdp1-tp4,exp0003_fsdp1_tp4_b16_l512_tc128_vc8192_r0,convolution_result,"f32[128,160]",2
control-fsdp1-tp4,exp0003_fsdp1_tp4_b16_l512_tc128_vc8192_r0,fusion_result,f32[128],20
control-fsdp1-tp4,exp0003_fsdp1_tp4_b16_l512_tc128_vc8192_r0,fusion_result,"bf16[160,8192]",8
control-fsdp1-tp4,exp0003_fsdp1_tp4_b16_l512_tc128_vc8192_r0,fusion_result,"bf16[128,8192]",6
control-fsdp1-tp4,exp0003_fsdp1_tp4_b16_l512_tc128_vc8192_r0,fusion_result,pred[8192],6
control-fsdp1-tp4,exp0003_fsdp1_tp4_b16_l512_tc128_vc8192_r0,fusion_result,"f32[128,8192]",4
control-fsdp1-tp4,exp0003_fsdp1_tp4_b16_l512_tc128_vc8192_r0,fusion_result,s32[8192],2
control-fsdp1-tp4,exp0003_fsdp1_tp4_b16_l512_tc128_vc8192_r0,fusion_result,"f32[128,160]",2
control-fsdp1-tp4,exp0003_fsdp1_tp4_b16_l512_tc128_vc8192_r0,fusion_result,"s32[128,1,1]",2
control-fsdp1-tp4,exp0003_fsdp1_tp4_b16_l512_tc128_vc8192_r0,fusion_result,"s32[128,2]",2
control-fsdp1-tp4,exp0003_fsdp1_tp4_b16_l512_tc128_vc8192_r0,fusion_result,s32[128],2
